Date,Quarter,Split,AAPL_Open,AAPL_High,AAPL_Low,AAPL_Close,AAPL_Volume,QQQ_Open,QQQ_High,QQQ_Low,QQQ_Close,QQQ_Volume,MSFT_Open,MSFT_High,MSFT_Low,MSFT_Close,MSFT_Volume,NVDA_Open,NVDA_High,NVDA_Low,NVDA_Close,NVDA_Volume,peer_signed_return_confirmation,peer_return_dispersion,aapl_peer_consensus_relative_return,aapl_to_qqq_relative_realized_risk,peer_volume_confirmed_aapl_return,relative_return_market_risk_interaction,aapl_to_qqq_normalized_range_ratio,lagged_qqq_relative_momentum,target_next_day_up,target_date
2025-01-02,Q1,train,247.1365264348607,247.3053149666319,240.0777664039773,242.0931396484375,55740700,510.499434346488,512.8221689652438,501.9729160194123,506.4595336914063,36389800,419.7509810335182,420.2836558558519,409.2160306987592,412.8953552246094,16896500,135.79720670711552,138.67291713644488,134.4292544268475,138.103759765625,198247200,-0.027312904302968045,0.019348567077005698,-0.025150871586738732,0.9113054127333481,-0.008305630555385628,-0.0004289695880185979,1.150658042038105,-0.01885539631730382,0,2025-01-03
2025-01-03,Q1,train,241.60665893554688,242.4207431843357,240.14724866814672,241.60665893554688,40244100,509.55653114882335,515.8100252164201,508.7426439244086,514.7479248046875,29059500,415.3613950253171,418.27134378737713,413.8423310893823,417.6005859375,16662900,139.80120658589456,144.6839138332244,139.5216253508109,144.2545623779297,229322500,-0.026313239522014677,0.02312507029309263,-0.05983598880622443,1.0410426184745603,-0.021248009335368502,-0.0008596483124412256,1.0860359835664444,-0.0003650778053606585,1,2025-01-06
2025-01-06,Q1,train,242.549801627174,245.54804748087852,241.4477983095151,243.23483276367188,45045600,520.1476411928097,524.018784806924,518.1723564940825,520.6637573242188,36109700,422.1874160873605,428.4215926337743,419.7016505493917,422.0394592285156,20573600,148.36840963752263,151.93309314343088,147.599568879649,149.2071533203125,265377400,0.005225887877348234,0.041020132594077705,-0.08364623832165125,1.1497546721069618,-0.018934229008160695,-0.0008864407407379552,1.0919766804008226,0.0019515733534991586,0,2025-01-07
2025-01-07,Q1,train,241.22940732447117,243.78089861816605,239.6111612224788,240.4649658203125,40856000,521.7059999662438,522.1030076792526,509.4869713360559,511.3728942871094,36690300,423.1738758487943,424.8014616583564,415.085225621156,416.6339111328125,18139100,152.80179213743568,152.90164910642062,139.80120400217487,139.93101501464844,351782200,0.020177805909142622,0.0391483696414473,-0.04635310140391952,1.009836843504508,-0.005098307982921436,-0.0007684136674039674,1.0387004993511342,-0.012485821949916431,1,2025-01-08
2025-01-08,Q1,train,240.17700647488417,241.95411831821167,238.32048434869316,240.95138549804688,37628900,511.2736514045927,513.1000201476976,506.7969699488272,511.4622497558594,30777800,417.709061289588,421.171402275518,415.81515330470927,418.7941284179688,15054600,142.36737985085435,143.73533196712347,137.3548616440079,139.90106201171875,227349900,0.030357304874789427,0.04527722914011254,-0.05612782185729459,0.8770370565017297,-0.0014803614322016806,-0.0007640890343733449,1.0619767393493962,-0.028747393141982935,0,2025-01-10
2025-01-10,Q1,train,238.28077607985776,238.42970445265777,231.3212870184269,235.1435546875,61710900,507.700292461824,507.799529251394,500.1961615298894,503.4419860839844,40532500,418.8631684887605,418.9420687753876,409.3836648034606,413.2603149414063,20201100,137.24503329388114,139.71135128077043,134.01985409411645,135.70733642578125,207602500,0.011755139979690354,0.05176326395933974,-0.020472026953118783,0.8539785093579884,-0.01595763814037985,-0.00040850609133619153,1.1539402048770215,-0.04296668169888607,0,2025-01-13
2025-01-13,Q1,train,231.8474698930612,232.9792558543989,228.06492247356016,232.7111968994141,49630700,497.4962392396563,502.28059733248006,496.0073239549711,501.8240051269531,31694200,409.6007014640922,412.8164377086338,406.690782868284,411.5242309570313,17604800,129.79615256902926,133.29093305056014,129.31685741876072,133.03131103515625,204808900,-0.010016015582807913,0.04832176889381512,0.009358222429695529,0.758537482479845,-0.008498548802761926,-0.0002001894233100202,1.3270427872119033,-0.02586182474872578,0,2025-01-14
2025-01-14,Q1,train,233.05869925952223,234.41882398797216,230.79512716232853,231.5992889404297,39435300,504.9804910575475,506.39001083545065,497.8833343601906,501.3475341796875,33737200,412.1357932076061,414.0395749911103,405.14208486737954,410.0248718261719,16935900,135.84710238324766,136.1766120600162,129.85605059334506,131.56349182128906,195590500,-0.05168439644212277,0.036517962477524236,0.02552201189909975,0.7452983280826962,-0.00034999892154039463,-0.0001830821576552681,1.2188305379796458,-0.0057366392574816905,1,2025-01-15
2025-01-15,Q1,train,232.94949481929564,237.2383779015073,232.74100113522096,236.15621948242188,39832000,509.2387301124164,514.0230569301199,507.6802948725127,512.881591796875,34957600,413.4379027909623,422.3353935398116,412.5895665870108,420.5203857421875,19637800,133.45068552943664,136.2465130176968,131.09420431967888,136.03683471679688,185217300,-0.05214234088136462,0.03871061052300344,-0.008667888379244204,0.8973270833195354,-0.0008084559398099824,-0.00037677054498384127,1.4599482381919142,0.02297962631027206,0,2025-01-16
2025-01-16,Q1,train,235.63995285298608,236.29518618874627,226.38709407905125,226.6154327392578,71759100,515.1448467748171,515.224272558158,509.1594384871324,509.2884826660156,28229000,422.8778842735224,423.6571336957602,418.6264203199314,418.8138122558594,15300000,138.4332346192246,138.54307117698642,133.2909213149963,133.3708038330078,209235600,-0.04262498382169901,0.03513546066585131,-0.03618193936026054,0.9212363582789764,0.004939305631524545,-0.0009747771221466308,1.8847729864049323,-0.00641847149431185,1,2025-01-17
2025-01-17,Q1,train,230.44764042021455,230.6164138035219,226.833866130533,228.32305908203125,68488300,518.9861821179226,520.1971979799845,509.3181691473964,517.8843994140625,51837900,428.1947089431654,428.57942688248704,422.3551241092644,423.2034301757813,26197500,136.48614039423094,138.29343848833506,135.2579791055137,137.50462341308594,201188800,-0.004909483240804357,0.02380380761317804,-0.047657676730030185,0.9356694953151721,0.00037207992108121443,-0.0010026973891129117,1.553123573495785,-0.03289624964314675,0,2025-01-21
2025-01-21,Q1,train,222.38612124582832,222.803093405302,217.79941234276583,221.03591918945312,98070400,520.6042324328826,522.0832120911833,516.2169118563148,520.921875,23628000,424.3575582513444,425.0480336398343,419.82002384260585,422.6806335449219,26085700,138.95245710585658,141.61847317570314,136.88553704004724,140.61996459960938,197749000,0.015170423702485869,0.022105723137063805,-0.09224770912319213,0.8778212498069482,-0.009114065478375746,-0.001605486250442521,1.599985490867876,-0.0789013788163827,1,2025-01-22
2025-01-22,Q1,train,218.2064751614249,222.5052806842356,218.2064751614249,222.2173767089844,64126500,525.6565483001042,529.8751413083515,525.3488415863966,527.5822143554688,33593000,431.6175824572203,441.1957044539868,430.0787709144918,440.1402587890625,27803800,144.44426793757484,147.56958971587568,143.45573886876412,146.85067749023438,237651400,0.06167586521435422,0.024404261761013714,-0.13533122829898903,0.8714399454665566,-0.006519073900628116,-0.0015786270901462873,1.8628705382080777,-0.05239240918856869,0,2025-01-23
2025-01-23,Q1,train,223.1208199792776,225.394314538592,220.69839703644928,222.0485992431641,60234800,525.1304247166951,528.8229657869698,524.5448186856646,528.703857421875,23096600,435.9973147591307,440.6828062638951,435.5041051270503,440.6433410644531,18389300,144.8337106624021,147.01045262591376,143.5056920734559,147.00047302246094,155915500,0.07973024326835314,0.0269461282885326,-0.1239613420783997,0.9355162471257048,-0.007101814326851761,-0.0015463602366742961,2.028335182624844,-0.04315730778366722,0,2025-01-24
2025-01-24,Q1,train,223.1605018815617,224.00438385368136,219.81478693461756,221.17491149902344,54697900,529.0810884811151,529.8453571094432,524.2470818339253,525.7161254882812,19878300,439.1143639891968,440.5841189283991,435.4054182545328,438.029296875,15549500,148.14874363197046,148.74785499769604,141.66843136501245,142.40731811523438,234657600,0.08548176455285268,0.028634230398571825,-0.08082550054445925,1.048870829904129,0.00014892914095248754,-0.0008730818197719077,1.6553620480976547,-0.03529135324844579,1,2025-01-27
2025-01-27,Q1,train,222.40601266103107,230.47742834163907,222.36629236472388,228.2039337158203,94863400,507.2238554261772,514.1621916220109,506.3801306258622,510.41015625,60771700,418.2516146753107,429.2896479328885,417.74853125025015,428.6583251953125,35647800,124.6138830305536,128.20850504229963,116.52595684106744,118.24339294433594,818830900,0.025843558807792343,0.059774479217130125,0.06307197560719247,1.10197495659564,0.017976256327684084,0.00026735280981768426,2.185041526601611,0.0060484470539254875,1,2025-01-28
2025-01-28,Q1,train,229.1867945454765,238.4594987479956,229.147074251248,236.54339599609372,75707600,511.4125906777684,519.135127001106,507.9980395084438,517.9539184570312,33194200,428.6977608632086,442.2906153004339,425.5214900534852,441.1266479492188,23491700,121.62835222502514,128.80763280108368,116.07664583818588,128.7976531982422,579666400,-0.006468226921323983,0.07904884951272668,0.09037429176124817,1.6865756373614769,0.07749269337742544,0.0014192741958567315,2.0969331892422574,0.05607419062909913,1,2025-01-29
2025-01-29,Q1,train,232.43322998057815,238.1318804363608,232.32402189200357,237.63548278808597,45486100,518.5990994614392,518.7281436223639,513.0801896776674,516.9811401367188,26649000,440.6235877197962,440.81100977301065,434.41900262341227,436.3227844238281,23581400,126.31135328562937,126.70077107762197,119.8709750783515,123.5155258178711,467120600,-0.06417780016206234,0.09477180866037072,0.15317161834986065,1.813667604311081,0.09659795047787983,0.0016632096328339694,2.099593675987715,0.10697191207942225,0,2025-01-30
2025-01-30,Q1,train,236.95044029141235,239.05516137192973,235.500967711044,235.8782196044922,55658300,519.8398489654351,522.2121410225601,514.380493502768,519.1846923828125,27431300,413.0827588425547,417.1172097708342,407.5489615626973,409.3540954589844,54586300,122.9164122570478,124.81358019968631,117.92386904906036,124.46410369873048,392925500,-0.08471627744000734,0.10873067416304485,0.17444007256310418,1.8896937946747017,0.04724193103700424,0.0014270072613571487,1.8167574318080053,0.053961697451479274,0,2025-01-31
2025-01-31,Q1,train,245.40904807772532,245.40904807772532,231.7581140684966,234.29966735839844,100959800,523.0260873773669,527.5921301044531,517.338450995146,518.4302978515625,38755200,413.2899333042713,414.976701732093,409.27519987674,409.4231567382813,34161900,123.59540412169352,127.6593341751579,119.01225290264884,119.89093780517578,388161100,-0.12272534482764039,0.10455356182356434,0.17105055812411457,1.9090853695885195,-0.013972261962209147,0.001267641970950402,2.0922021575609624,0.007129918952089698,0,2025-02-03
2025-02-03,Q1,train,228.3329787245057,230.15971829856625,224.0738787357251,226.3672332763672,73063300,509.6754636986273,517.0009308639123,507.2733642921369,514.2811889648438,40580800,406.0101743775102,409.7684293585694,403.1100993381394,405.3394165039063,25679100,114.57888277703152,118.39318602096668,112.84147962875149,116.4860382080078,371235700,-0.10413128961405235,0.07362959242168228,0.026582464350736024,1.936236176866872,-0.04287679061819451,-0.000274593534747276,1.9027324809999286,-0.06460935840960158,1,2025-02-04
2025-02-04,Q1,train,225.61271003037928,231.45035067549784,225.0170268486458,231.1227264404297,45067300,514.7974890430145,521.2295844539116,514.4004206860424,520.5942993164062,26046800,407.0853452090854,408.2986516716073,404.1753965052981,406.7696838378906,20532100,116.78557092036436,121.01924546805154,116.52595653802958,118.47305297851562,256550000,-0.0904746235870773,0.05700884240306685,0.05610681682851998,2.0833122391042553,-0.0022374628040505292,-0.0004462015565523187,1.9595163738994734,-0.021080531271020053,0,2025-02-05
2025-02-05,Q1,train,226.88348940722173,230.9936609938165,226.62536810475493,230.79510498046875,39620300,517.9638671852232,523.11551659981,516.7727228160936,522.9566650390625,21134100,406.749979083578,408.2098602907994,404.8264495269334,407.6772155761719,16316700,121.57842315704724,124.8135892575584,120.57991444298676,124.6438446044922,262230800,-0.05608755484274295,0.040037563002949694,-0.0005265674178738244,2.0141682717458127,0.005381986894245675,-0.0006328288858369068,1.8599015822634104,-0.009735073935118965,1,2025-02-06
2025-02-06,Q1,train,229.62360070928509,232.11552641696264,228.76979621063217,231.53970336914065,29925300,523.4628423892975,525.8947492260023,521.8548188906348,525.686279296875,19434500,408.3775613386283,412.5205341470821,408.3775613386283,410.1728515625,16309800,127.22995239056334,128.57794497214795,125.02324949979864,128.48806762695312,251483600,-0.03461092032389852,0.038730803211008455,-0.0355582515428039,2.083856840072213,-0.01141419864854009,-0.00046950603567982955,2.0434165116030476,0.020134866928691153,0,2025-02-07
2025-02-07,Q1,train,230.9241838961893,232.31409120281864,225.6226456863809,225.989990234375,39707200,526.2223405922623,528.1678176426686,518.3310780658987,519.0556640625,29605500,410.8238533335017,412.96436600470287,402.5576561425311,404.1852416992188,22886800,129.0273069895586,130.17558600299384,124.81359867926386,129.64637756347656,228186300,0.01118501354929331,0.058320422302890695,-0.06975396281290042,2.142618027868551,0.011625185912745663,-0.000561076075422855,1.6625699396047249,-0.030938746510514203,1,2025-02-10
2025-02-10,Q1,train,228.1666073624245,229.1803610121675,225.81108525741095,226.25833129882807,33115600,523.3239005134812,526.4407109622551,522.8574028177311,525.3389282226562,20852800,408.0914590052598,409.8176925215145,405.33937124502273,406.6217041015625,20817900,129.89598286165247,134.79866384787866,129.76618710141213,133.3708038330078,216989100,0.05025462365647635,0.07002158715575138,-0.07453832192010112,3.2864314019650527,0.00942642968837461,-0.00022138292175926934,1.8007800558241394,-0.04183390830286615,1,2025-02-11
2025-02-11,Q1,train,226.80497424991785,233.79199753404615,226.7354100570617,231.1979522705078,53718400,522.0732896066455,526.0039872775455,521.9442454321847,524.0882568359375,19325500,404.0767828884028,406.88805357704496,403.741373863551,405.8523254394531,18140600,132.38230132778313,134.27946199343057,130.8246300046561,132.6019744873047,178902400,0.06544113192959766,0.07016755946890305,-0.05817616828015343,2.9163683491066954,0.00047324301239353914,-5.418789511847829e-05,2.032535398304181,0.0014795426106063436,1,2025-02-12
2025-02-12,Q1,train,229.78663009476247,235.51142789245532,229.26980470124647,235.4219665527344,45243300,518.4402741025981,525.2793726405877,518.0928847804781,524.3959350585938,25009400,401.6797299133385,405.1716621007933,398.87830316572246,403.4848937988281,19121700,129.8261026458349,132.04279313100764,128.88750205027108,130.94442749023438,160278600,0.06002119203586385,0.06373495841987054,-8.514152548511067e-05,3.0509815362533605,-0.010170639570222741,0.00013935551504383654,2.1123579818461877,0.037180883050704994,1,2025-02-13
2025-02-13,Q1,train,235.4617298072221,240.85852795215615,234.1299251101732,240.0534820556641,53614100,526.0635838146525,532.2574623508953,525.2794434932922,531.9398803710938,28714800,401.4726062482461,405.4182829681306,400.8412835235649,404.9645385742188,23891700,131.36380821970238,136.29644386397356,130.9743904181038,135.08824157714844,197430000,0.038789840553008784,0.04890355170006087,0.017435204396950843,3.109901389637372,-0.00577382070974306,0.00022260583400433254,2.1472139542841826,0.06401067544722705,1,2025-02-14
2025-02-14,Q1,train,239.77522427175464,244.04894114679905,239.51681912694212,243.1047515869141,40896200,532.0489565555039,534.8580601398642,531.7114424599516,534.1731567382812,17862600,402.25191655873215,403.35670130819824,400.3678521686821,402.8832092285156,22758500,136.27645326854343,139.042326433892,135.29791907929888,138.64292907714844,195479600,0.028846593389035946,0.039345176130190194,0.042646572911235414,2.8699415460171966,-0.0013430716861196734,0.00046919328252086864,2.508402338447672,0.04121201715008205,0,2025-02-18
2025-02-18,Q1,train,242.65747382373945,243.6811760890431,240.3615975750387,242.97552490234372,48822500,535.7414804029439,536.0095045421328,532.078746365208,535.3841552734375,20565000,402.4590098668831,405.0237056562673,400.9793811541372,404.0767517089844,21423100,141.05932980350207,143.226091877041,137.72429913092634,139.19210815429688,219176600,0.02825197368954675,0.037128175888346736,0.055191055531608635,2.781927783185007,0.001630540711861522,0.00047075572383237913,2.4553504012076015,0.019520058825247988,1,2025-02-19
2025-02-19,Q1,train,243.16435439309652,244.5060925083624,241.6735241546838,243.37306213378903,32204200,534.5901501639886,536.8135875991883,532.4957569178074,535.5331420898438,19666900,402.34067225656025,409.8473079963777,402.1137850010984,409.1370849609375,24114200,139.3019353271886,141.14918241151278,137.01535723812603,139.02235412597656,167536000,0.03184030166343821,0.03238173840293992,0.02440501810935125,2.611934409663896,0.0007974986736816152,0.00026730308096904103,2.046770775092791,-0.005414249052053233,1,2025-02-20
2025-02-20,Q1,train,243.442620363674,245.2713683243621,242.79658488378956,244.32717895507807,32316900,534.7488640035847,535.1161249242239,528.52523935916,533.2599487304688,26550800,410.47144681938056,414.4447923675228,407.75335474991726,411.30169677734375,23508700,139.8211794831435,140.45024487315197,136.5860056380014,139.90106201171875,143903600,0.03617844883105006,0.03239693861217274,-0.0060601486057070275,2.654517712963498,0.0005225316302239601,0.0001781528198642371,1.7553368408626229,-0.015925655320340626,0,2025-02-21
2025-02-21,Q1,train,244.44645306890683,247.1697083342209,243.72091995824803,244.0489044189453,53197400,534.4015384269126,534.4214100198424,521.8251828832033,522.1924438476562,47093800,412.4976109270871,413.19936436928833,403.1572771359109,403.4735412597656,27524800,139.83115735009994,141.24905316966826,133.83012530319377,134.22952270507812,228217600,0.026988987461611758,0.03583840966341454,0.02166314559593341,1.8141410339572843,0.0006963410090693,0.00043484051651934973,1.1804795083952813,-0.002337370109310344,1,2025-02-24
2025-02-24,Q1,train,243.43269920852308,247.33868242018207,242.92582237394555,245.5894470214844,51326400,523.979014688761,525.1602231091551,515.6907447415672,516.0281982421875,39268400,403.7700579395831,404.620064859675,394.68668732557927,399.3123779296875,26443700,136.35634186179794,138.383313247837,129.88600993089565,130.08570861816406,251381100,0.0016816655955859572,0.033317616091737244,0.04551291937281998,1.2149051958560921,0.0018905595854564518,0.0007194738033288445,0.9614619026901594,0.01081651716650045,0,2025-02-25
2025-02-25,Q1,train,246.48393846255715,248.47171215983585,243.41283173998391,245.52980041503903,48013300,515.4028460127145,515.4822717823216,505.6752793876824,509.526611328125,48940000,396.4460859350655,397.25657880262406,392.09714469384,393.283203125,29387400,129.78614928447132,130.0058224050398,124.25441810041912,126.44114685058594,271428700,-0.039212670714129615,0.031494122991705197,0.06967175910997725,0.8673268842753965,0.001660149643212828,0.001049223066129035,0.9066206835965306,0.02956188839893481,0,2025-02-26
2025-02-26,Q1,train,242.83637220684057,243.48239258336395,237.66816369812489,238.89064025878903,44433600,511.72034015672153,515.8197643424149,507.591048002011,510.7574768066406,34457600,393.3919661639477,398.917102708898,389.6755831630129,395.0920104980469,19619000,129.79615892181477,133.53057192522448,128.29839578499454,131.084228515625,322553800,-0.05593900406065544,0.028262067458207717,0.027296177233452845,1.1869399005376982,-0.008262715846117314,0.00048198109334688944,0.9665280744021886,0.01528535330323011,0,2025-02-27
2025-02-27,Q1,train,237.94645181292125,240.9778097055873,235.61081167459412,235.84934997558597,41153600,514.3011233717788,515.2341793751592,496.3547141457957,496.5730895996094,52448000,396.61410618114576,401.0322425664148,387.6197164134029,387.97552490234375,21127400,134.7986697104659,134.8086493121392,119.83102696232622,119.97081756591795,443175800,-0.08316235580886513,0.035770802789643195,0.0648876319426539,1.2785737621947741,-0.021792726006329116,0.0006251089598604094,0.8614444978015487,0.0048460517864221675,1,2025-02-28
2025-02-28,Q1,train,235.5014815283524,240.61005923211764,228.7927454203557,240.3615875244141,56833400,496.4341995419912,505.02027267121787,493.2578344308949,504.414794921875,47654000,388.104042520749,393.016377739764,382.0847072800103,392.3837890625,32845700,117.84399213493025,124.90344826210318,116.2264129341289,124.73370361328124,389091100,-0.07889139671700815,0.031182193368473297,0.03400549750275483,1.2207685257521577,-0.012513945182577955,0.00031238759395510186,1.1719671761596877,0.000848765500453319,0,2025-03-03
2025-03-03,Q1,train,240.3118838035197,242.5381957053339,234.66661403302143,236.5748748779297,47184000,507.7399630206097,509.2487196326077,489.9325334541656,493.37689208984375,44587200,394.1925506012372,394.1925506012372,381.6794393165997,383.9823913574219,23007700,123.32581202011416,123.51552349340125,112.11255593535712,113.88990020751952,411381400,-0.09309016250083779,0.043738627937540867,0.04474014937071641,1.2795071269236493,-0.005474287055966738,9.433762989856091e-05,1.105182205008816,0.028007808084009378,0,2025-03-04
2025-03-04,Q1,train,236.25684921580157,238.6024227827577,233.2453581153048,234.4877166748047,53798100,490.5280988504062,500.0174498903787,484.1356867718227,491.8879699707031,67875400,378.9514422192701,388.0249203607145,376.5792952112664,384.1009826660156,29342900,110.48499132597254,119.13207287466712,109.9457957033308,115.81702423095705,398163300,-0.07400840764434573,0.038185631388773934,0.008713448521730116,1.488026525179158,-0.0022800350394313216,-0.00011989172404300407,1.0234440767808832,0.004259163690881307,0,2025-03-05
2025-03-05,Q1,train,233.98082285378285,235.1039197629907,227.82866128733943,234.2988739013672,47227600,492.5331995401363,499.90828614862966,487.6297026672125,498.3002624511719,46323700,384.822533208354,397.0094866568717,384.29868393839774,396.3670043945313,23433100,117.40464986998916,118.10360288358513,114.33922859376143,117.12506866455078,284337900,-0.07533682026317694,0.051883947354935935,0.032410254263822325,1.3063561680580824,-0.006521231575474182,6.750473409633459e-05,1.0106286835923646,0.008805731335141398,0,2025-03-06
2025-03-06,Q1,train,233.00684447444675,236.4059358119138,231.73467047090972,233.8914031982422,45170400,490.0417668831769,494.895615354215,482.60712565033873,484.5923461914063,57574300,389.70521049036057,397.4838909032578,388.12376908504734,392.2849426269531,23304600,113.36069823382532,115.17798387118098,110.0556366780344,110.40511322021484,321181900,-0.05590264242254546,0.05245503228508608,0.026011388829437265,1.3330108562550993,-0.0011897057899846496,0.00019676493558265772,1.0797900753483956,-0.001908107746295018,1,2025-03-07
2025-03-07,Q1,train,233.6727221740344,239.8944479764648,233.3248557337566,237.6085205078125,46273600,483.5599718062666,489.6347411717219,476.9789615630039,488.15576171875,54714700,387.76795648683793,390.2191619837315,381.0666253730808,388.7464599609375,22034100,111.08408724577036,113.31076488585998,107.3995878917184,112.52194213867188,341755500,-0.05601575165176296,0.05832068310457019,0.042132386932442256,1.4572710722678932,-0.0011113108730406744,0.0002529876395764141,0.9146836593761164,0.025431061417164336,0,2025-03-10
2025-03-10,Q1,train,234.10009611136832,234.71631625547707,222.84930513729452,226.08937072753903,72071200,479.87744712390025,480.39359355913183,465.19673274957023,469.2366638183594,76668000,381.3631114017718,381.9166113327009,372.8431337183802,375.7490234375,32840100,109.73609301585864,111.6831816739289,105.30271254146378,106.82044982910156,366487400,-0.05215732632939953,0.044902925071654276,-0.0025647789858571635,1.5705126906934943,0.0012281780963375232,5.566180388550419e-05,1.0953575984045223,-0.01723365436821811,0,2025-03-11
2025-03-11,Q1,train,222.4418202229124,224.45940937640347,216.1206990584521,219.48997497558597,76137400,468.85944790641054,475.2717015064333,463.55891291656457,468.114990234375,68760800,374.6024872406928,381.5212666884101,372.5367409966354,376.0356750488281,30380200,106.83043665954976,112.0726069900584,104.61374627233778,108.5978012084961,354865700,-0.054793725807853064,0.044986021314607424,-0.02229416123624539,1.8884920586055145,0.0006657230495697437,-0.00022370937213559154,1.2686427034475471,-0.053985623632197166,0,2025-03-12
2025-03-12,Q1,train,218.7942505386503,220.39440897367027,213.5962265598192,215.653564453125,62547500,475.6191281711679,477.50508157643935,468.3035955192933,473.3956909179688,46971100,378.5066728711865,380.7503233781215,374.55308456142495,378.8229370117188,24253600,113.96030532134075,116.59661034457648,112.72203506897392,115.57803344726562,323857500,-0.044297588922829714,0.041293337971567354,-0.050843876427415724,1.712764439112469,-0.010165732636827268,-0.0004891801325868028,1.3238536820931752,-0.03407422691858586,0,2025-03-13
2025-03-13,Q1,train,214.62986833256545,215.5144270476188,207.14590135231947,208.398193359375,61368300,472.7305781456632,472.76035523811606,462.98313932199375,464.8790283203125,46563300,378.71423026442886,380.8491715851453,373.0704913614682,374.3751525878906,20473000,116.86621875800482,117.59520049683546,113.63075517539951,115.41825103759766,299033100,-0.027136062591446675,0.047678262093462265,-0.1088717752499011,1.791142977662268,-0.0030643656608386393,-0.0011181295641400507,1.5331581870968096,-0.04424609309300154,1,2025-03-14
2025-03-14,Q1,train,209.9585940343847,212.6420854575803,208.2988048386841,212.18490600585935,60107600,470.2292461988736,477.00876061202655,469.62373821824536,476.1154174804688,43563000,375.3734493768336,385.7022111357248,375.10659301872727,384.0515747070313,19952800,118.44401014075396,121.7094305400334,117.98465480860956,121.49972534179688,277593500,0.004159508213419927,0.059066786017414795,-0.14085289270859075,1.5833077292972708,-0.00017027976445254712,-0.0014429009326394728,1.6106615234185402,-0.0030456207508682276,1,2025-03-17
2025-03-17,Q1,train,212.0059881512876,213.904315554563,208.6864099217596,212.6917724609375,48073400,476.0657408601252,482.2497130174167,474.2691189068619,479.202392578125,41744400,382.2131473268013,388.1533930243756,381.09625384575537,384.18994140625,22474300,122.5682312033008,122.71802281178024,117.86482345684048,119.36272430419922,255501500,0.04154158045461951,0.055589978799494164,-0.1291973695662917,1.3559794907312963,0.0026072811073302123,-0.0017876395962724719,1.58387533932689,-0.004447380019739655,0,2025-03-18
2025-03-18,Q1,train,212.85081593904235,213.83475423543345,210.19713981325924,211.38980102539065,42432400,475.867271104116,476.0657749736721,468.91899953639006,471.03326416015625,39072300,382.5788655792479,382.8753726383068,376.6781337960948,379.0700378417969,19486900,117.83485847417,118.85342762738914,114.37970167383446,115.2684555053711,299686900,0.055348513581228054,0.053347210285780225,-0.0716518603861579,1.4272881389494003,-0.0040300139837993396,-0.0009268382714287202,1.524833911821429,-0.002735483119723714,1,2025-03-19
2025-03-19,Q1,train,212.91044076829724,217.4226803637017,212.443312738742,213.92420959472656,54385400,473.28646764378425,481.74349565345614,471.3608014299573,477.3363342285156,40430300,381.0567221702146,385.158563988563,379.54447585576617,383.3201599121094,19185500,117.10587965509885,120.2814296141779,115.51810848491796,117.35552978515624,273426200,0.047819287196391655,0.04925066506851707,-0.02164451311903237,1.5283928634348656,-0.0024681509719595447,-0.0003383011575731951,1.3941649134201255,-0.004068950910435465,0,2025-03-20
2025-03-20,Q1,train,212.6818553101102,216.16045933121796,210.92267131595003,212.7911834716797,48862900,473.3559666184429,480.969270043224,472.6611273475336,475.7183837890625,36780500,381.2642891356356,387.2441097112173,378.8328407062668,382.3515319824219,18470500,116.38688818380663,120.0317738155389,116.30699831746894,118.3641128540039,248829700,0.02982261880779007,0.033137932449971055,-0.0023348143151403766,1.5145806666655393,-0.00010741864799833955,-4.768208915616525e-05,1.272063200894984,-0.012770965082109731,1,2025-03-21
2025-03-21,Q1,train,210.26669685360037,217.5021918152461,209.9884097524224,216.9356842041016,94127800,470.5766275228687,478.0509810732746,469.4152905592447,477.2866821289063,42234900,378.7735245117788,387.194656647968,378.3583844724842,386.7202453613281,39675900,116.77634740953133,117.82487338576216,115.25847035053428,117.5352783203125,266498500,0.009767738243249658,0.013743557509157501,0.03523007151371532,1.5558930259871693,0.001769023207051798,0.00041351093475474774,1.3941449043195575,0.023671010045785756,1,2025-03-24
2025-03-24,Q1,train,219.64899945464327,220.1260609084734,217.2437950361324,219.38064575195312,44299500,484.8576491349716,488.60538941404207,481.5373907904982,487.7604064941406,34567200,390.81222312553433,390.81222312553433,385.2870867325212,388.5191345214844,21004500,119.71223179694545,122.04896105750126,119.17298658297102,121.24009704589844,228452500,0.009717840447682247,0.013935488426126307,0.01795033632167531,1.7497637002200963,0.0028154201671182835,0.0002729399483521663,1.2978072169404238,0.03277683137862719,1,2025-03-25
2025-03-25,Q1,train,219.42039321145907,222.7300380772677,218.73460889257407,222.38217163085935,34493600,488.4861400211188,490.7029423960745,487.5218710331621,490.54388427734375,26035200,389.3493790004213,391.7610400507305,388.0842319836349,390.5749816894531,15775000,120.38130705821352,121.12026937928964,118.75358318150823,120.52111053466795,167447200,0.015415486884791774,0.01182463127954061,0.014040813049103651,1.9038303079114538,0.0011257954735343562,0.0001574880614011037,1.4515215517281659,0.0317963421805898,0,2025-03-26
2025-03-26,Q1,train,222.1436424317859,223.64442126802376,219.12223310716143,220.17575073242188,34466100,489.3906651224751,490.2455985952576,479.9667080597325,481.5174865722656,34627100,390.4168262767483,390.7232269425197,384.061440622416,385.4451904296875,16108400,118.5638454632065,118.6736845133834,112.55226594608844,113.60079956054688,293463300,0.015263722619278641,0.011419344044042013,0.04244852913433367,1.4401293804261355,-0.0009393388379817383,0.0003348019382626021,1.423911702934454,-0.006902394064447925,1,2025-03-27
2025-03-27,Q1,train,220.0365991694977,223.61459773398053,219.21167130142223,222.4815673828125,37094800,479.5591741727875,483.70451433059617,477.4119351757768,478.7738342285156,33469800,385.6033656235933,387.6888690270636,382.9050306805178,386.0481262207031,13766800,111.19417323533278,114.28983351449122,110.5051440147698,111.27406311035156,236902100,0.00018181722080494732,0.025871285097203933,0.07065554582538885,0.760662224033419,-0.0011810901405444015,0.0007295421831713111,1.441972587248431,-0.017029555745621927,0,2025-03-28
2025-03-28,Q1,train,220.31487416588556,222.44179120535847,216.3492605717641,216.5679168701172,39818600,476.974551402309,477.6803471496016,465.28403763438615,466.1687927246094,46363800,383.5771709738401,384.61500612887534,372.5565482590105,374.4048461914063,21632000,111.33397028810096,112.71204388720729,108.9173588485005,109.51651763916016,229872500,-0.034329459612206216,0.03574961682321507,0.04833973998333657,0.6491531178979424,0.003132150822332581,0.00047397936552324294,1.2133699575233057,-0.03500961120233603,1,2025-03-31
2025-03-31,Q1,train,215.683368745432,224.24073468961828,214.908138255618,220.77207946777344,65299300,459.19026229129486,467.08331235256605,454.6273605455005,466.1488952636719,53000300,368.2174556076631,372.6948931611048,362.978933000102,371.0343933105469,35184700,104.98287310192076,110.80471613819728,103.5049485540766,108.22832489013672,299212700,-0.06059822788997371,0.0338230831557619,0.08250550584985727,0.6955318942955863,0.0003653764913989075,0.0010507662681359868,1.3649754283538085,0.02113257430573423,1,2025-04-01
2025-04-01,Q2,train,218.46624988397505,222.31258685550367,217.5618092777705,221.8255920410156,36412700,464.53844262078127,470.8310519884103,461.6754876852753,469.9065551757813,41156200,370.3029705230893,378.4078388750376,368.89946352111616,377.7554931640625,19689500,108.36812587384452,110.04577506451116,106.32099936404416,109.995849609375,222614000,-0.07513800279208445,0.035165002838089966,0.057573872007486926,0.7175985310783519,-0.0008948065839167272,0.0008303207304321724,1.231751865754708,0.04674148253066979,1,2025-04-02
2025-04-02,Q2,train,219.9670353213626,223.8133724100327,219.66886624627367,222.5213165283203,35905900,463.3654253458386,476.7260031222664,463.1069521266998,473.3361511230469,49894500,373.5844861787052,380.6119757035965,372.25014394283687,377.70611572265625,16092600,107.1398553905561,111.82329447216486,106.64055510872038,110.26547241210938,220601200,-0.06465238451768496,0.029525175870961595,0.03537232375898769,0.6910331982634508,0.009422562754717019,0.0006011899189877618,1.1353342303961347,0.05940675335379508,0,2025-04-03
2025-04-03,Q2,train,204.28348559152053,206.2215769781628,200.0197179050274,201.94786071777344,103419000,453.742637111202,457.3511902166352,447.4798795534505,447.9967956542969,70456300,370.4413834397649,373.1001742376296,365.06450042697054,368.7808532714844,30198000,103.36514539947606,105.48217369637304,101.45781468579652,101.65753936767578,338769400,-0.060297393746875615,0.025284744949269668,-0.02671883749996734,1.3517333855025158,-0.03430904228727657,-0.0007180094288304722,1.1420138263210002,-0.06674458619954005,0,2025-04-04
2025-04-04,Q2,train,192.7047355778497,198.658123727335,186.19477317599055,187.2284240722656,125910900,435.5508223213529,437.7676247006197,420.1722412109375,420.1722412109375,117088400,359.9050576420754,370.2436833446925,355.3090169453245,355.6648254394531,49209900,98.77159334909084,99.9898797349743,91.9811059228115,94.1780242919922,532273800,-0.07421205579711901,0.032368247648265,-0.04042015669014282,1.4346260118647882,-0.12970479035211077,-0.0015423871085187219,1.2930711832121686,-0.1713406572378231,0,2025-04-07
2025-04-07,Q2,train,176.1167553732534,192.96313526897592,173.55252535537636,180.3507232666016,160466300,406.24497996843866,440.5212273303754,400.01204418212296,421.1861572265625,161557000,346.808801297969,366.6953473866903,340.7894661963344,353.7077941894531,50425000,87.33759621246332,101.60759784636036,86.4987754744505,97.50334930419922,611041300,-0.09313145775817752,0.040827804817794355,-0.11019392682974138,1.5523419375177705,-0.25992042803766324,-0.0035366881503643434,1.1756729550010547,-0.1505720387957623,0,2025-04-08
2025-04-08,Q2,train,185.5586531084637,189.17640027021665,168.17558356470508,171.36595153808594,120859500,435.5706616527368,440.5212428610244,407.3683213181599,413.6012573242188,101248100,363.98715955184485,369.31460473132455,346.1861164728992,350.44610595703125,35868900,103.66472218207365,105.70186824827938,94.3278084260022,96.1652374267578,476243400,-0.1072868136031317,0.03969111510860941,-0.12845868614809836,1.6954436347618238,-0.2144706811413243,-0.003931354510649844,1.2864506121690884,-0.04559594558547331,1,2025-04-09
2025-04-09,Q2,train,170.89883496621582,199.38363475051756,170.83920418374143,197.6343994140625,184395900,413.11420733728266,465.0653576176641,412.9750201017136,463.2461853027344,142876900,349.43791334353114,388.6673960004068,349.00301621371585,385.9591674804688,50199700,98.75160385221358,114.93891720962624,97.39350654873373,114.16999816894533,612918300,-0.05092699618126355,0.06471576359142346,-0.14047094229214718,1.3594916870980795,0.08391682480177647,-0.004998197745712474,1.3379486002379715,0.16575442366787485,0,2025-04-10
2025-04-10,Q2,train,187.9141823452429,193.58926741380884,181.88128226075605,189.25592041015625,121880000,450.8796663706337,452.89766878987024,430.07336033484415,443.5432739257813,108384100,377.6269854135807,379.4456324184745,363.5324334212975,376.92523193359375,38024400,109.21694044618194,110.70485307181583,99.01124202201945,107.4194564819336,437812400,-0.004101744836673804,0.061000047698584844,-0.1022297525259046,1.390721712432833,0.06941859074592431,-0.00329464479699341,1.316448164104626,0.126153412364299,1,2025-04-11
2025-04-11,Q2,train,184.96233608452025,198.32016168749277,184.92257212057936,196.93865966796875,87435900,442.0223093443537,453.09649143953806,438.7219217931667,451.7146911621094,52483800,376.2234920445777,385.52428234575257,374.4937970946495,383.94287109375,23839200,108.348157786305,111.39389245819964,107.32958859529616,110.7747573852539,313417300,0.08585561674437306,0.055202588559305085,-0.07600436160066881,1.3993855299204223,0.10332115959952781,-0.0014396655849032607,1.3559513561740075,0.046713672851506294,1,2025-04-14
2025-04-14,Q2,train,210.14743595954587,211.638266220138,199.9302804535287,201.28196716308597,101352900,461.7152208667026,462.3017305650004,449.95514472763216,454.7764892578125,43941200,388.6575350248574,390.0709357337415,379.75206690221165,383.310302734375,19251200,113.9503045917023,114.1300529879136,108.91735711650354,110.55506134033205,264705000,0.11400585093003093,0.04972193494665951,0.007283001012958756,1.453030381676901,-0.00600233944791523,0.002272025166436006,1.501617189687771,-0.03462518083220023,0,2025-04-15
2025-04-15,Q2,train,200.6259945192588,202.26590170954893,198.57859009217825,200.9042816162109,51343900,455.83021518157193,459.6475186324782,453.454324591476,455.283447265625,35404200,384.0021677861047,387.3429548173336,379.702634359307,381.2544250488281,17199900,110.81470199440513,113.46099492172468,110.3453585264742,112.04297637939452,228966900,0.14566024414726955,0.055171111694865216,0.04585956801687707,1.4500798794171992,-0.03993722295868577,0.004479893535216462,1.4836128510012767,-0.030601988710582173,0,2025-04-16
2025-04-16,Q2,train,197.1473909296092,199.47308245703653,191.19400339685228,193.0823974609375,59732400,446.3764289285455,449.94520996662885,435.17304059444126,441.5550842285156,48980600,376.25315416820064,377.1822197333743,363.730149078798,367.2982482910156,21967800,104.40369410395132,106.64055727885454,100.30942561460589,104.3437728881836,397016900,0.06588791849028082,0.032691291148775094,0.04417560242198465,1.4475641567955935,0.012640630880570257,0.0014902182274515183,1.582926931625679,-0.00129767362591926,1,2025-04-17
2025-04-17,Q2,train,195.9944589047864,197.61449911758032,193.2314550257992,195.7758026123047,52164700,444.5274509761507,445.10401010316673,438.7517574071589,441.4755859375,44837000,369.4133653600013,369.976758868816,362.6329766642394,363.51263427734375,21120200,104.30381795694564,104.3237942331935,99.90998190333625,101.34796142578124,292517500,0.005433878119652768,0.031805585729339,0.08050288882833756,1.4159469219885554,0.01365695049332556,0.0024145028714611686,1.7424095914421083,-0.053824538198221195,0,2025-04-21
2025-04-21,Q2,train,192.08851517151223,192.6152739871965,188.64966000796989,191.97918701171875,46742500,435.64027525418857,436.48522787937225,425.40112526573694,430.5505065917969,44149300,358.6102367890087,360.2509795659297,351.54320368031085,354.9531555175781,20807300,98.6317735699764,99.3008417327631,94.90699776234818,96.77438354492188,288501100,-0.08511907991900555,0.03399568561715551,0.0757627917610455,1.4151174875413588,0.011987339200171847,0.0010884444845017675,1.4207172842277052,-0.02193340796817156,1,2025-04-22
2025-04-22,Q2,train,194.92107095045927,200.35763286451956,194.7719939992729,198.5189514160156,52976400,436.2267468236976,444.93495790304166,435.0338262355641,441.8533020019531,52304400,359.1637542302739,363.5028019496421,355.68457702509073,362.5638427734375,19485000,98.6417555090913,99.67031279819464,97.14385476914264,98.75160217285156,241004800,-0.0907106207141705,0.03717652941103176,0.06671785278579029,1.322431134267555,-0.003775961171996424,0.0006660664618886773,1.2081634914174453,0.057403774110920014,1,2025-04-23
2025-04-23,Q2,train,204.7407093293248,206.7284832063085,201.56027415925303,203.34927368164065,52929200,455.4624310494103,460.641633756553,450.20368411807647,451.8737487792969,55801100,371.6966268435602,375.9764033603888,368.6918910858119,370.0460205078125,20545500,104.37372584399633,104.6533403969428,101.87722447592722,102.5662612915039,247526000,-0.09561730002360666,0.032055685292304334,0.06915984757140609,1.0854940729666915,0.0013395316158576762,0.0009086204410632683,1.1711237290375036,0.09300867769612708,1,2025-04-24
2025-04-24,Q2,train,203.63746952607696,207.55338601533765,201.6993932641485,207.09619140625,47311000,453.78243704630535,464.896361425193,453.1362539590864,464.5881958007813,45956100,371.34077108557176,383.9428330432701,370.8366789549492,382.80615234375,22232300,103.33517578708889,106.39089066307956,102.96569088547096,106.28104400634766,220815000,-0.03999505542681296,0.03306828871177201,0.042185448334998266,1.1735824221194535,-0.002854058643675962,0.000778487568091579,1.1253721679629063,0.07806755301852242,1,2025-04-25
2025-04-25,Q2,train,205.10842646651813,208.46776890662989,204.9394675201618,208.00064086914065,38222300,464.210432874224,470.2942617606861,462.639783263479,469.7673950195313,38697100,382.50964370251074,387.6097759048288,380.1374969060445,387.3033752441406,18973200,106.70047768277183,111.7633826618512,105.58204983332996,110.85466003417967,251064700,0.025150036415139354,0.03760712385635947,-0.017181634879029017,1.037849074952603,-0.0035143939813583017,-5.458397753681117e-05,1.0583011319121427,0.024208937335122416,1,2025-04-28
2025-04-28,Q2,train,208.71620315087387,210.2070331733801,206.19173765225315,208.8553466796875,38743100,470.2345868172972,472.0040665388327,463.2759539267501,469.6182556152344,33550800,387.41210451108,388.183053013966,382.1538550582223,386.6213989257813,16579400,109.53649064316204,110.21553928394424,105.87162103934428,108.5778350830078,207708500,0.08688302165022006,0.02691323726484418,-0.017687232002016273,1.0843223187405961,-0.006452721520287752,-8.884742528314796e-05,1.1164334135181284,-0.05197928039367272,1,2025-04-29
2025-04-29,Q2,train,207.4142395090872,210.94254069563792,207.0961884524305,209.91883850097656,36827600,467.3915381780168,473.60460372916896,466.8149487060188,472.7198486328125,30613100,386.7597585973815,390.51568553400665,385.8504501911824,389.4679870605469,14974000,107.51932238432488,110.04578062718969,107.2896485179105,108.867431640625,170444300,0.10852732646311436,0.020159002043710662,-0.03089650968272184,0.9580735171295848,-0.003380590020639302,-0.0003843057620972577,1.107918288684458,-0.049545381427397395,1,2025-04-30
2025-04-30,Q2,train,208.02050829648644,212.2743425468257,205.40658118436116,211.2009429931641,52286500,464.36947606745446,474.3799741649081,459.697238824554,472.6601867675781,46810600,385.7713570331464,392.0575779640377,379.979364791359,390.673828125,36461100,104.32379376082017,108.76756286621094,103.93434018163836,108.76756286621094,235044600,0.10050355471872063,0.024474546241138005,-0.019490917753419157,0.9518410727515564,-0.0006192407344002853,-0.00022843737619228217,1.0916136598080548,-0.023882706406015197,1,2025-05-01
2025-05-01,Q2,train,207.80185982414437,213.2483553954001,207.62295230903425,212.0159454345703,57365700,480.5532529218463,484.3009628787672,477.8990181556589,478.8334655761719,43316500,426.1078811300293,431.9196612018972,419.96994327038766,420.4641418457031,58938100,112.92174799120272,114.7791455573913,111.14424029465428,111.45380401611328,236121500,0.08796703640642149,0.03273077831118647,-0.04976616237380993,0.8409529615140703,0.008040395691295272,-0.00019357003610050952,1.2122750027437028,-0.0023699701244015436,0,2025-05-02
2025-05-02,Q2,train,204.8301014441782,205.7246085520007,200.9241340864256,204.0946350097656,101010600,483.6647778483157,488.00894827712347,481.9648613296433,485.9412231445313,39218100,426.7305579775838,434.3412277785372,425.0008630376841,430.2294921875,30757400,114.02021557227994,115.23850951002052,113.21135153306962,114.33976745605467,190194800,0.08079301810888728,0.03274432730620711,-0.08991473830454999,1.0517142075165824,-0.021147479033197806,-0.0012746251276328925,1.337333305073532,-0.03390294897087598,0,2025-05-05
2025-05-05,Q2,train,201.85841873478097,202.85230555245,196.99831280299983,197.6741485595703,69018500,481.7362227016212,486.14003597307794,481.2391774925475,483.058349609375,28309500,427.84743296236513,434.4005103334852,427.0962415401901,431.1091613769531,20136100,112.75199823422923,114.50952981770942,112.50234808238876,113.66072082519533,133163200,0.08980990740255887,0.04168339985321088,-0.13447626864514273,1.8785272696579833,-0.042062871092213815,-0.0015695946558632473,1.6036914770792263,-0.08366980391289958,0,2025-05-06
2025-05-06,Q2,train,196.9983091053983,199.42338015596505,195.81558138809012,197.2964630126953,51216500,476.7260205679887,482.1835675083398,475.36412148604,478.5650939941406,32786300,427.1852423209488,432.6510771239263,426.1671945058241,428.2823486328125,15104200,111.32400387233044,114.57943650755207,110.6649237860017,113.38111877441406,158525600,0.08863965427779978,0.04055720018397217,-0.13068996538096467,1.7646203074265565,-0.03840637620422536,-0.0015619959742773294,1.6054713111091403,-0.09739503048653442,0,2025-05-07
2025-05-07,Q2,train,197.95242524507103,198.2207789180717,192.0686174137577,195.0502777099609,68536700,479.2310866723673,482.9291041737698,473.9624196873836,480.4438781738281,38006300,428.80620435216304,433.0365428333408,426.1078693467033,428.3218994140625,23295300,112.8918038042742,117.5153219594032,112.12287705585727,116.89618682861328,206758800,0.09424948817377916,0.04040966078802204,-0.1620210689828523,1.6230819104614778,-0.01553270896433194,-0.0018684702418660822,1.8803911322993832,-0.06631376309459702,1,2025-05-08
2025-05-08,Q2,train,196.5113045675241,198.82706269335063,193.4898801219913,196.28271484375,50478900,485.6430214704163,489.7883921245775,481.3088015351198,485.4044494628906,39577600,432.8487322038109,438.5221520354275,430.6050816589352,433.0859680175781,23491300,118.084515254596,118.51391379663416,115.68787240644632,117.20574951171876,198428100,0.07860003949228633,0.03352110315105894,-0.11502133559695837,1.8267996087331164,0.00039756591473287474,-0.0013514260975025269,1.783772880459415,-0.006478557676740437,1,2025-05-09
2025-05-09,Q2,train,197.78348851905432,199.3140676367793,196.3324070058388,197.3163604736328,36453900,487.3130565449711,488.63521379310254,483.326774588034,485.0863037109375,27767400,434.8947187750956,435.6261229679929,430.8225275981773,433.6394653320313,15324200,117.18577270674557,118.06454606438504,115.0487681449328,116.48675537109376,132972200,0.05559484006765407,0.025618973476768937,-0.04656303091110903,2.3246189758857208,-3.2251207869145704e-05,-0.000363283292967997,1.7034085826685057,0.011413628143349785,1,2025-05-12
2025-05-12,Q2,train,209.95526516858175,210.2538252478288,205.75556156059076,209.776123046875,63775800,503.99391286415016,504.88861854839246,498.51649505607935,504.8488464355469,45090600,440.7657862582039,444.155980926374,434.6772567640601,444.0472717285156,22821900,121.79931583574869,122.82787322998048,120.11167839159091,122.82787322998048,225023300,0.04338850084398489,0.016721985889356007,0.005889401906796654,2.361839872526926,-0.009810947544746674,0.0002492449484010169,1.5358643554167302,0.07064092680766687,1,2025-05-13
2025-05-13,Q2,train,209.4178474798385,212.37356332026263,207.99473291206183,211.90582275390625,51909300,506.151126830997,514.3325026354601,505.4155095627927,512.5431518554688,53269600,442.5844751269483,445.4409573721911,440.1925407492767,443.9287109375,23618800,124.8051066300396,131.03637225526788,124.295818189616,129.7481689453125,330430100,0.06262075259268678,0.03285683468403726,-0.016395799296340052,2.093648116107615,0.01740373617758568,6.4236226375199e-05,1.503998708855181,0.06596833598064933,0,2025-05-14
2025-05-14,Q2,train,211.40822571910564,212.9109724892217,209.56713314477625,211.3087158203125,49325800,513.7161819509431,516.1616058199734,512.7021901958013,515.6148681640625,47014500,442.940276452347,448.6334230518337,442.940276452347,447.6845703125,19902800,133.01358451331882,135.25045513495294,131.49570747587302,135.1505889892578,281180800,0.09755825180795226,0.053065215821859454,-0.01732737405940943,2.1097586998926445,0.03775646709977194,0.00021193940979176207,1.5387212154730845,0.020116595666633152,0,2025-05-15
2025-05-15,Q2,train,209.93535780893237,211.93569971673276,208.53213606160296,210.43295288085935,45029500,513.4676100523011,518.8456125999866,512.125551562593,516.1814575195312,50153300,446.3576953837484,451.7246558325709,446.0210270484144,448.6946105957031,21992300,134.10204362723803,136.10924022234616,132.47433530494334,134.64129638671875,226632600,0.11173216873178955,0.06488694547117957,-0.020309236283054144,2.0876777642963567,0.0012375476214117203,0.000183204397810288,1.4700223521317777,-0.05277836446910911,0,2025-05-16
2025-05-16,Q2,train,211.33858120774948,211.54757782116647,208.7610423595207,210.24386596679688,54737900,517.5830873308704,518.6169801912382,514.0441278903378,518.4281005859375,48394600,447.6251542704443,449.9125407132096,444.3376746324017,449.8234252929688,23849800,136.02937003025397,136.15919297953724,133.27323795943153,135.21051025390625,226542500,0.11482788404377894,0.0676746049504906,-0.03351257422393228,2.030562559913024,-0.0028520356258545303,-6.732421340462728e-05,1.4915894272764527,-0.07077719770245927,0,2025-05-19
2025-05-19,Q2,train,206.90999202317107,208.4724326946764,203.2775387890809,207.7758026123047,46140500,511.2010686059385,519.442117353632,511.2010686059385,518.9251708984375,52536200,446.4666065174048,455.0913410046994,446.3873726676465,454.3783874511719,21336500,132.20473687113784,135.6798627990254,132.20473687113784,135.3802947998047,193154600,0.10066680451324203,0.0675192385730075,-0.07226601198874472,1.6752088602744595,-0.005046482380802928,-0.00078792363198977,1.47052946705133,-0.039166735379753015,0,2025-05-20
2025-05-20,Q2,train,206.67113760639387,207.46729276724128,204.0438362053752,205.8650360107422,42496600,516.4001137065187,517.8515075410328,513.6067220946634,517.1954345703125,42517600,451.13050930908776,453.8535912700005,449.87295142774695,453.6852722167969,15441800,134.10203943343691,134.3916420789913,132.43437861355363,134.19192504882812,161514200,0.07581422306135269,0.05401607740365462,-0.05662036637881673,1.7418634199385261,-0.001099849230879715,-0.0007297650903380539,1.6506324292140642,-0.03318909175492479,0,2025-05-21
2025-05-21,Q2,train,204.1831685508297,206.0441693385156,199.74462882701684,201.11798095703125,59211800,513.2190402211261,519.9092488061895,508.21873667770086,510.0080871582031,71292800,450.12052955644793,453.2991005803846,447.38753565613104,448.1401062011719,19216900,132.87378601013486,137.2077087161811,130.40724144628155,131.6155548095703,270608700,0.031225880498434666,0.033018430658500186,-0.03565739859713202,1.6932447620818412,0.010068200586522177,-0.0007877820272458785,1.4870394257816613,-0.049826296344177456,0,2025-05-22
2025-05-22,Q2,train,199.74461200022,201.77479312617928,198.7394602788173,200.3914794921875,46742400,510.6245069423915,514.6506220653856,509.2725584046473,510.9625244140625,55607200,450.4967994491365,455.7449090739042,449.4570590917957,450.40765380859375,18025600,132.04495280891254,134.0621302833829,131.36591171623223,132.6441192626953,187344000,0.004106999059566685,0.01817030827777526,-0.04221042036812994,1.6427613744675111,0.009352842158806305,-0.0008514880638162403,1.5274387201476205,-0.03750424189099422,0,2025-05-23
2025-05-23,Q2,train,192.738469754576,196.74908474491085,192.52948833207407,194.33078002929688,78432900,503.18864625765127,508.81520128108224,502.5921859799972,506.2305603027344,58368100,445.5754438212613,449.2491205375805,444.5159101158957,445.7734680175781,16883500,129.81807417545411,132.49431639064062,128.97925335315108,131.10626220703125,198821300,-0.015055291040771367,0.013517184575864528,-0.05600973372626111,1.6704815437410692,0.00769667329841993,-0.0012214151763571001,1.5726352923691795,-0.03978681216940805,1,2025-05-27
2025-05-27,Q2,train,197.34620772495165,199.77447409530296,196.4803819774073,199.2470245361328,56288500,513.099785560271,518.6269257716245,511.5490069592283,518.1397705078125,47226300,452.0118507212909,456.43809825868186,451.6553587930952,456.1806335449219,20974300,133.96224703921547,135.47014350181522,133.1234263008756,135.31036376953125,192953600,-0.00918268702517604,0.012892842223290235,-0.04277290859846,1.4819151221341034,0.0011932609171179387,-0.0008296685448179032,1.4990156897506213,0.006041718009881292,1,2025-05-28
2025-05-28,Q2,train,199.6252046868552,201.7549111726597,198.9385209981625,199.45602416992188,45339700,519.0941399870436,520.5852756508032,515.326559052752,515.8434448242188,46637200,456.7054113344306,457.9926743719098,452.45739496057166,452.8831787109375,17086300,135.83963178227697,137.0579256739289,134.60136161311598,134.621337890625,304021100,-0.00665922720393739,0.011882809198924283,-0.031848124025109836,1.4352628691689382,-0.00048037479051244445,-0.00036961159062467183,1.4201604073896403,0.01653250088842384,0,2025-05-29
2025-05-29,Q2,train,202.60079553265004,202.8296849960031,197.55517460719432,198.98825073242188,51396800,523.2196247969079,523.3687019543887,514.2628604553026,516.857421875,58513300,457.0321797296883,457.2005290082406,450.8532686393741,454.1902770996094,13974800,142.05093948600498,143.28920975153582,137.71701641280157,138.99522399902344,369241900,0.01521750281340386,0.015571859344203864,-0.04537471200608456,1.5687707778781093,0.005747869888852186,-0.0002732299182034374,1.4624259781423457,0.00802249212759909,1,2025-05-30
2025-05-30,Q2,train,198.41106448584637,200.98861863398105,195.8335255231089,199.8839569091797,70819900,516.370303138387,517.6029654866918,508.9046747674079,516.042236328125,67662800,455.2200705832806,457.1608768265464,451.0809934148865,455.8537902832031,34770500,138.52585950975748,139.42459384487097,132.73397369059805,134.94088745117188,333170900,0.02031806215106131,0.013680239296537722,-0.017236074314742056,1.642877973204369,0.0017702349280711597,-0.00013930922991551114,1.4820469377419776,-0.006355706861006505,1,2025-06-02
2025-06-02,Q2,train,199.31670530145792,201.15781336810343,199.1574712143689,200.72987365722656,35423300,514.18335129797,520.3566750351536,512.9208369697641,520.1181030273438,44762800,452.6653804963421,457.5867035205711,452.41782757710985,457.4480895996094,16626500,135.30038976970178,137.9266987725352,135.21050414256473,137.187744140625,197663100,0.03423344724764978,0.014365998128458624,-0.0033588684827745574,1.723753041465894,0.002641192539286063,6.163364913860663e-05,1.2793944484333397,-0.014605519319914162,1,2025-06-03
2025-06-03,Q2,train,200.3815341795081,202.78989241693247,199.99341064507595,202.29229736328125,46381600,520.4659496294596,525.6153304447355,519.6010958649408,524.183837890625,44070300,456.95294554827,459.59682380087423,456.3489007620485,458.4382629394531,15743800,138.5857816307834,141.801276586457,137.75694135463797,141.02236938476562,225578800,0.02981793237052306,0.013386130233573,-0.00829763588321697,1.678693342547868,0.006644275766662189,4.406426824114511e-05,1.280657259472798,0.020652431208862176,0,2025-06-04
2025-06-04,Q2,train,201.93404589483336,205.248031062868,201.1279442674136,201.844482421875,43604000,524.8896842213366,526.708886650537,522.8617009643712,525.6452026367188,41359300,459.4582306475514,461.1316908447896,458.4878122988585,459.3294982910156,14162700,141.99100090060617,142.19071794379053,139.3447005567539,141.72137451171875,167120800,0.03731194530714184,0.02002877359590325,-0.021512515320371572,1.6240728361391383,0.0006650383657142346,-8.726624212448005e-05,1.4282876060946732,0.0015215829695451877,0,2025-06-05
2025-06-05,Q2,train,202.521183994692,203.765171611367,199.1872911078447,199.6649932861328,55126100,527.0468212855055,529.8998557728775,519.5712423411791,521.6886596679688,61031200,460.4087959802116,465.0528909924181,459.487906406924,463.1021728515625,20131700,141.97102431113476,143.79846496522654,138.63570246128648,139.79408264160156,231397900,0.02777289638217384,0.01309824670822184,-0.009283525186879249,1.6860983758999575,-3.780559346344866e-05,-6.370675514342559e-05,1.3323135834964421,-0.019479968400053504,1,2025-06-06
2025-06-06,Q2,train,202.0236053289331,204.7106157617459,201.07817770068,202.93917846679688,46607700,526.8679353376542,528.6572860020211,525.0885352856423,526.7883911132812,42467000,465.4886174973397,468.7068055435685,464.1914425792919,465.7757873535156,15285600,142.31057053380505,143.0695167658335,141.3119699021351,141.5216827392578,153986200,0.03237153826648735,0.015188387882980558,-0.019981888737040765,1.7470418086426187,-0.0010842311330341186,-5.090328250930902e-05,1.4251714242751998,-0.01541112212740825,0,2025-06-09
2025-06-09,Q2,train,203.4069099948636,205.0091667110405,199.05793398755327,200.4810485839844,72862600,527.0071545180014,529.2040557008712,525.8838273941709,527.5638427734375,33688700,465.1024554626714,468.7959258262165,464.03300988597726,468.1225891113281,16469900,142.98961854621228,144.7970831461155,141.74136782943543,142.43040466308594,185114500,0.031372088395866894,0.016219609477629147,-0.03201465768596479,1.2976176728717492,0.0014157905012115648,-0.00012666621737654227,2.0276798778248333,-0.009774488380478563,1,2025-06-10
2025-06-10,Q2,train,199.63513956616535,203.36710243054736,199.605285078082,201.69517517089844,54672600,528.0309052999579,531.7389032205542,525.7644110626619,531.052978515625,40664800,466.5778321078869,468.172058367284,462.3892259287077,466.31048583984375,15375900,142.49031793007975,144.088069701399,141.33193761060437,143.758544921875,155881900,0.03364209131341402,0.019459614077791176,-0.02123890412798568,1.3605029643122857,-0.0027414145070040986,-0.00012523989484767152,2.13032661067098,0.005199162873784635,0,2025-06-11
2025-06-11,Q2,train,202.5212126953003,203.5164029296752,197.4556980468273,197.82391357421875,60989900,532.4546012685898,533.6077799068673,526.9771544229022,529.2635498046875,53701000,465.4192790589967,470.81594475736864,465.0628173622344,467.9938354492188,16399200,144.4176611881815,144.79716064315863,141.6813000562032,142.64002990722656,167694000,0.024600473353161467,0.011563020243154698,-0.0325917085144678,1.33942901401211,0.00047952397674419977,-0.00017458246921367595,2.114927432300169,-0.02885596811658475,1,2025-06-12
2025-06-12,Q2,train,198.12244911144165,198.71955406677787,196.410720905765,198.2418670654297,43904600,527.9515275399644,531.4805365276557,527.703004925698,530.5062866210938,34104900,470.3702965389571,475.7174632765806,468.88497916047487,474.1826171875,18950600,141.78117540604916,144.80714416503906,141.66133988719625,144.80714416503906,162365000,0.024255277890743,0.01098369172549205,-0.037021016151660424,1.633031549093742,0.001002720089123246,-0.00015238486560406063,2.4681786308207854,-0.029119057527768666,0,2025-06-13
2025-06-13,Q2,train,198.7693188209708,199.4062398916536,194.758703844025,195.50509643554688,51447300,524.5616021772432,528.7268432784747,522.6231138097035,523.8458862304688,55814400,471.746732054574,474.4896074244908,468.13246560456287,470.3109130859375,16814500,142.29048989356696,143.3890329315276,140.6626682408541,141.7811737060547,180820600,0.019310865090800954,0.012957469312439174,-0.04241721504880536,1.3601740843393149,-0.0009277017274871168,-0.00024617948057408364,2.341959742738309,-0.035388849239448406,1,2025-06-16
2025-06-16,Q2,train,196.35101387226533,197.73432753277092,195.6145677161257,197.4656219482422,43020700,527.3650479728419,532.2062642001805,527.3153555791812,531.1326293945312,37622100,470.5584575569121,475.98482813726486,470.3505215770748,474.4500122070313,15626100,143.159329390418,145.98555166191812,143.00951976951112,144.49754333496094,183133700,0.01984516737657114,0.010284012159604995,-0.029055915366173357,1.2632509995710341,2.6989275149363568e-05,-0.00017312981700105673,1.8439488837393916,-0.007388581954179463,0,2025-06-17
2025-06-17,Q2,train,196.2514839890114,197.43576263348731,194.27106541566712,194.6989898681641,38856200,528.5678317630843,530.1782533672921,524.7902396796701,525.953369140625,42180900,470.7466055851971,474.0539088222925,469.4395189734987,473.36077880859375,15414100,144.29781716982143,145.02684191909495,143.58875484653294,143.9282989501953,139108000,0.011227284446531694,0.006864907822806443,-0.04283699333638946,1.2435352869991412,-0.000565516412555929,-0.00016851147578883315,1.8332757994859148,-0.004300163771134291,1,2025-06-18
2025-06-18,Q2,train,194.9975546383106,196.6197193940347,194.13174409281177,195.6344757080078,45394700,526.9673174269449,529.4028511373086,524.2833217813045,525.8638916015625,43983500,473.3211507460615,476.2917855833799,469.8157931767449,475.5392150878906,17526500,143.81845298832403,145.45627108510786,142.9296373487004,145.2864990234375,161494100,0.015862450125921846,0.008958216766443594,-0.02840575953627411,1.054300377142865,-9.025584268821896e-06,-3.285235197144732e-05,1.5663926449885117,-0.002869703037508442,1,2025-06-20
2025-06-20,Q2,train,197.28649906078425,200.7298484455588,195.9131318065836,200.03321838378903,96813500,529.1146401876316,530.4069457539052,521.7782471531975,523.7167358398438,61643500,477.50979012623617,478.72773115460745,472.2022397987241,472.72705078125,37576200,145.2565234707711,146.00552584195606,142.46024490398213,143.65866088867188,242956200,0.008048566926675948,0.008644693785793111,0.014536568515993442,1.8210617159584992,0.004253067204649813,0.00015359113652289869,1.5276425787248609,0.021584963734967877,1,2025-06-23
2025-06-23,Q2,train,200.6602023375907,201.3269779408771,198.00304635957568,200.53082275390625,55814300,524.2849177292203,529.6192118620138,521.1400908129034,529.1017456054688,50666100,473.52910172023695,482.97572926336846,467.8849134818946,481.2428588867188,24864000,142.31046402404658,144.58743022935184,141.84108794116847,143.97824096679688,154308900,0.012483411931055732,0.007438818566754257,0.0063362360931810136,2.1301016668955386,0.012605720312098523,0.00011366304023657266,1.3026810294356623,0.02610078383691472,0,2025-06-24
2025-06-24,Q2,train,201.61557243039425,202.46149014710028,199.23706853700068,199.3365936279297,54064000,534.3165868287479,538.1083222601969,533.6995634797794,537.1927490234375,45442000,484.1640031375646,487.0356109071577,482.0350238939456,485.3126220703125,22305600,145.36637857516104,147.76319531946535,145.3064608232896,147.70326232910156,187566100,0.014557194387900107,0.008067768803238584,-0.013065299235557992,1.4849689512355306,0.00943698772025385,-2.0015331906606925e-05,1.4138305576497265,0.03288606162163643,1,2025-06-25
2025-06-25,Q2,train,200.48105886821315,202.690382284235,199.65504919597095,200.5905303955078,39525700,539.4618726543914,540.7058813321303,536.7947253384327,538.566162109375,44804200,487.223778215148,489.7191008453804,484.5997232276066,487.4515075683594,17495100,149.0714471780808,154.24454949233478,149.06145072732096,154.104736328125,269146500,0.03689013438311366,0.015513917768407248,-0.019976425926747865,1.3448888594617452,0.0013354778186260273,7.137404758081641e-05,1.467445125956664,-0.0031999399499311743,0,2025-06-26
2025-06-26,Q2,train,200.4611428555203,201.66532960796235,198.50063224789568,200.03321838378903,50799100,540.7456895311693,544.0497840014915,538.9245044882573,543.6019287109375,43811400,488.15453290095326,493.1650012559548,487.9861836300842,492.5807800292969,21578900,155.77252682686714,156.51154803915952,153.79516469048193,154.81381225585938,198145700,0.049485710150455595,0.023132304205693854,-0.028221672324169722,1.2576911810207303,-0.001296888533403395,-0.00013149235450325545,1.529363267362468,-0.02402476216744509,1,2025-06-27
2025-06-27,Q2,train,200.91894034324127,202.24254507531293,199.03803155248616,200.1128387451172,73188600,544.6369129629151,547.3538082383178,541.9299187322695,545.4629516601562,57577100,492.6797975508017,494.4126679494895,488.2040517426954,491.0855712890625,34539200,155.83244416127852,158.4989061985097,155.05348286000648,157.54017639160156,263234500,0.06707200854445898,0.03363826894816122,-0.06733387051024786,1.13330500808937,0.0014281306078459681,-0.00048645485152056173,1.5671900440815794,-0.02445978474909749,1,2025-06-30
