Date,Quarter,Split,AAPL_Open,AAPL_High,AAPL_Low,AAPL_Close,AAPL_Volume,QQQ_Open,QQQ_High,QQQ_Low,QQQ_Close,QQQ_Volume,MSFT_Open,MSFT_High,MSFT_Low,MSFT_Close,MSFT_Volume,NVDA_Open,NVDA_High,NVDA_Low,NVDA_Close,NVDA_Volume,peer_signed_return_confirmation,peer_return_dispersion,aapl_peer_consensus_relative_return,aapl_to_qqq_relative_realized_risk,peer_volume_confirmed_aapl_return,relative_return_market_risk_interaction,aapl_to_qqq_normalized_range_ratio,lagged_qqq_relative_momentum,target_return,target_date
2025-02-03,Q1,train,228.3329787245057,230.15971829856625,224.0738787357251,226.3672332763672,73063300,509.6754636986273,517.0009308639123,507.2733642921369,514.2811889648438,40580800,406.0101743775102,409.7684293585694,403.1100993381394,405.3394165039063,25679100,114.57888277703152,118.39318602096668,112.84147962875149,116.4860382080078,371235700,-0.10413128961405235,0.07362959242168228,0.026582464350736024,1.936236176866872,-0.04287679061819451,-0.000274593534747276,1.9027324809999286,-0.06460935840960158,0.02079024622263831,2025-02-04
2025-02-04,Q1,train,225.61271003037928,231.45035067549784,225.0170268486458,231.1227264404297,45067300,514.7974890430145,521.2295844539116,514.4004206860424,520.5942993164062,26046800,407.0853452090854,408.2986516716073,404.1753965052981,406.7696838378906,20532100,116.78557092036436,121.01924546805154,116.52595653802958,118.47305297851562,256550000,-0.0904746235870773,0.05700884240306685,0.05610681682851998,2.0833122391042553,-0.0022374628040505292,-0.0004462015565523187,1.9595163738994734,-0.021080531271020053,-0.001418527247109447,2025-02-05
2025-02-05,Q1,train,226.88348940722173,230.9936609938165,226.62536810475493,230.79510498046875,39620300,517.9638671852232,523.11551659981,516.7727228160936,522.9566650390625,21134100,406.749979083578,408.2098602907994,404.8264495269334,407.6772155761719,16316700,121.57842315704724,124.8135892575584,120.57991444298676,124.6438446044922,262230800,-0.05608755484274295,0.040037563002949694,-0.0005265674178738244,2.0141682717458127,0.005381986894245675,-0.0006328288858369068,1.8599015822634104,-0.009735073935118965,0.003221038169730373,2025-02-06
2025-02-06,Q1,train,229.62360070928509,232.11552641696264,228.76979621063217,231.53970336914065,29925300,523.4628423892975,525.8947492260023,521.8548188906348,525.686279296875,19434500,408.3775613386283,412.5205341470821,408.3775613386283,410.1728515625,16309800,127.22995239056334,128.57794497214795,125.02324949979864,128.48806762695312,251483600,-0.03461092032389852,0.038730803211008455,-0.0355582515428039,2.083856840072213,-0.01141419864854009,-0.00046950603567982955,2.0434165116030476,0.020134866928691153,-0.024260656362246894,2025-02-07
2025-02-07,Q1,train,230.9241838961893,232.31409120281864,225.6226456863809,225.989990234375,39707200,526.2223405922623,528.1678176426686,518.3310780658987,519.0556640625,29605500,410.8238533335017,412.96436600470287,402.5576561425311,404.1852416992188,22886800,129.0273069895586,130.17558600299384,124.81359867926386,129.64637756347656,228186300,0.01118501354929331,0.058320422302890695,-0.06975396281290042,2.142618027868551,0.011625185912745663,-0.000561076075422855,1.6625699396047249,-0.030938746510514203,0.0011866980292346886,2025-02-10
2025-02-10,Q1,train,228.1666073624245,229.1803610121675,225.81108525741092,226.25833129882807,33115600,523.3239005134812,526.4407109622551,522.8574028177311,525.3389282226562,20852800,408.0914590052598,409.8176925215145,405.33937124502273,406.6217041015625,20817900,129.89598286165247,134.79866384787866,129.76618710141213,133.3708038330078,216989100,0.05025462365647635,0.07002158715575138,-0.07453832192010112,3.2864314019650527,0.00942642968837461,-0.00022138292175926934,1.8007800558241394,-0.04183390830286615,0.021596874475223224,2025-02-11
2025-02-11,Q1,train,226.80497424991785,233.79199753404612,226.7354100570617,231.1979522705078,53718400,522.0732896066455,526.0039872775455,521.9442454321847,524.0882568359375,19325500,404.0767828884028,406.88805357704496,403.741373863551,405.8523254394531,18140600,132.38230132778313,134.27946199343057,130.8246300046561,132.6019744873047,178902400,0.06544113192959766,0.07016755946890305,-0.05817616828015343,2.9163683491066954,0.00047324301239353914,-5.418789511847829e-05,2.032535398304181,0.0014795426106063436,0.01810522653198019,2025-02-12
2025-02-12,Q1,train,229.78663009476247,235.5114278924553,229.26980470124647,235.4219665527344,45243300,518.4402741025981,525.2793726405877,518.0928847804781,524.3959350585938,25009400,401.6797299133385,405.1716621007933,398.87830316572246,403.4848937988281,19121700,129.8261026458349,132.04279313100764,128.88750205027108,130.94442749023438,160278600,0.06002119203586385,0.06373495841987054,-8.514152548511067e-05,3.0509815362533605,-0.010170639570222741,0.00013935551504383654,2.1123579818461877,0.037180883050704994,0.019482234085515703,2025-02-13
2025-02-13,Q1,train,235.4617298072221,240.85852795215612,234.1299251101732,240.0534820556641,53614100,526.0635838146525,532.2574623508953,525.2794434932922,531.9398803710938,28714800,401.4726062482461,405.4182829681306,400.8412835235649,404.9645385742188,23891700,131.36380821970238,136.29644386397356,130.9743904181038,135.08824157714844,197430000,0.038789840553008784,0.04890355170006087,0.017435204396950843,3.109901389637372,-0.00577382070974306,0.00022260583400433254,2.1472139542841826,0.06401067544722705,0.012630686528106318,2025-02-14
2025-02-14,Q1,train,239.77522427175464,244.04894114679905,239.51681912694207,243.1047515869141,40896200,532.0489565555039,534.8580601398642,531.7114424599516,534.1731567382812,17862600,402.25191655873215,403.35670130819824,400.3678521686821,402.8832092285156,22758500,136.27645326854343,139.042326433892,135.29791907929888,138.64292907714844,195479600,0.028846593389035946,0.039345176130190194,0.042646572911235414,2.8699415460171966,-0.0013430716861196734,0.00046919328252086864,2.508402338447672,0.04121201715008205,-0.0005317092417255235,2025-02-18
2025-02-18,Q1,train,242.65747382373945,243.6811760890431,240.3615975750387,242.9755249023437,48822500,535.7414804029439,536.0095045421328,532.078746365208,535.3841552734375,20565000,402.4590098668831,405.0237056562673,400.9793811541372,404.0767517089844,21423100,141.05932980350207,143.226091877041,137.72429913092634,139.19210815429688,219176600,0.02825197368954675,0.037128175888346736,0.055191055531608635,2.781927783185007,0.001630540711861522,0.00047075572383237913,2.4553504012076015,0.019520058825247988,0.0016347834889513875,2025-02-19
2025-02-19,Q1,train,243.1643543930965,244.5060925083624,241.6735241546838,243.37306213378903,32204200,534.5901501639886,536.8135875991883,532.4957569178074,535.5331420898438,19666900,402.34067225656025,409.8473079963777,402.1137850010984,409.1370849609375,24114200,139.3019353271886,141.14918241151278,137.01535723812603,139.02235412597656,167536000,0.03184030166343821,0.03238173840293992,0.02440501810935125,2.611934409663896,0.0007974986736816152,0.00026730308096904103,2.046770775092791,-0.005414249052053233,0.003912723259701875,2025-02-20
2025-02-20,Q1,train,243.442620363674,245.2713683243621,242.7965848837896,244.32717895507807,32316900,534.7488640035847,535.1161249242239,528.52523935916,533.2599487304688,26550800,410.47144681938056,414.4447923675228,407.75335474991726,411.30169677734375,23508700,139.8211794831435,140.45024487315197,136.5860056380014,139.90106201171875,143903600,0.03617844883105006,0.03239693861217274,-0.0060601486057070275,2.654517712963498,0.0005225316302239601,0.0001781528198642371,1.7553368408626229,-0.015925655320340626,-0.001139591293356494,2025-02-21
2025-02-21,Q1,train,244.44645306890683,247.1697083342209,243.72091995824803,244.0489044189453,53197400,534.4015384269126,534.4214100198424,521.8251828832033,522.1924438476562,47093800,412.4976109270871,413.19936436928833,403.1572771359109,403.4735412597656,27524800,139.83115735009994,141.24905316966826,133.83012530319377,134.22952270507812,228217600,0.026988987461611758,0.03583840966341454,0.02166314559593341,1.8141410339572843,0.0006963410090693,0.00043484051651934973,1.1804795083952813,-0.002337370109310344,0.006292594039563211,2025-02-24
2025-02-24,Q1,train,243.43269920852308,247.33868242018207,242.92582237394555,245.5894470214844,51326400,523.979014688761,525.1602231091551,515.6907447415672,516.0281982421875,39268400,403.7700579395831,404.620064859675,394.68668732557927,399.3123779296875,26443700,136.35634186179794,138.383313247837,129.88600993089565,130.08570861816406,251381100,0.0016816655955859572,0.033317616091737244,0.04551291937281998,1.2149051958560921,0.0018905595854564518,0.0007194738033288445,0.9614619026901594,0.01081651716650045,-0.00024290070914535707,2025-02-25
2025-02-25,Q1,train,246.48393846255715,248.47171215983585,243.41283173998391,245.52980041503903,48013300,515.4028460127145,515.4822717823216,505.6752793876824,509.526611328125,48940000,396.4460859350655,397.25657880262406,392.09714469384,393.283203125,29387400,129.78614928447132,130.0058224050398,124.25441810041912,126.44114685058594,271428700,-0.039212670714129615,0.031494122991705197,0.06967175910997725,0.8673268842753965,0.001660149643212828,0.001049223066129035,0.9066206835965306,0.02956188839893481,-0.027412451412643184,2025-02-26
2025-02-26,Q1,train,242.83637220684057,243.48239258336395,237.66816369812489,238.89064025878903,44433600,511.72034015672153,515.8197643424149,507.591048002011,510.7574768066406,34457600,393.3919661639477,398.917102708898,389.6755831630129,395.0920104980469,19619000,129.79615892181477,133.53057192522448,128.29839578499454,131.084228515625,322553800,-0.05593900406065544,0.028262067458207717,0.027296177233452845,1.1869399005376982,-0.008262715846117314,0.00048198109334688944,0.9665280744021886,0.01528535330323011,-0.012812621440494542,2025-02-27
2025-02-27,Q1,train,237.94645181292125,240.9778097055873,235.6108116745941,235.849349975586,41153600,514.3011233717788,515.2341793751592,496.3547141457957,496.5730895996094,52448000,396.61410618114576,401.0322425664148,387.6197164134029,387.97552490234375,21127400,134.7986697104659,134.8086493121392,119.83102696232622,119.97081756591795,443175800,-0.08316235580886513,0.035770802789643195,0.0648876319426539,1.2785737621947741,-0.021792726006329116,0.0006251089598604094,0.8614444978015487,0.0048460517864221675,0.018951150587825934,2025-02-28
2025-02-28,Q1,train,235.5014815283524,240.61005923211764,228.7927454203557,240.3615875244141,56833400,496.4341995419912,505.02027267121787,493.2578344308949,504.414794921875,47654000,388.104042520749,393.016377739764,382.0847072800103,392.3837890625,32845700,117.84399213493025,124.90344826210318,116.2264129341289,124.73370361328124,389091100,-0.07889139671700815,0.031182193368473297,0.03400549750275483,1.2207685257521577,-0.012513945182577955,0.00031238759395510186,1.1719671761596877,0.000848765500453319,-0.015879650717306876,2025-03-03
2025-03-03,Q1,train,240.3118838035197,242.5381957053339,234.66661403302143,236.5748748779297,47184000,507.7399630206097,509.2487196326077,489.9325334541656,493.37689208984375,44587200,394.1925506012372,394.1925506012372,381.6794393165997,383.9823913574219,23007700,123.32581202011416,123.51552349340125,112.11255593535712,113.88990020751952,411381400,-0.09309016250083779,0.043738627937540867,0.04474014937071641,1.2795071269236493,-0.005474287055966738,9.433762989856091e-05,1.105182205008816,0.028007808084009378,-0.008861547907772136,2025-03-04
2025-03-04,Q1,train,236.2568492158016,238.6024227827577,233.2453581153048,234.4877166748047,53798100,490.5280988504062,500.0174498903787,484.1356867718227,491.8879699707031,67875400,378.9514422192701,388.0249203607145,376.5792952112664,384.1009826660156,29342900,110.48499132597254,119.13207287466712,109.9457957033308,115.81702423095705,398163300,-0.07400840764434573,0.038185631388773934,0.008713448521730116,1.488026525179158,-0.0022800350394313216,-0.00011989172404300407,1.0234440767808832,0.004259163690881307,-0.0008056663200207639,2025-03-05
2025-03-05,Q1,train,233.98082285378285,235.1039197629907,227.82866128733943,234.2988739013672,47227600,492.5331995401363,499.90828614862966,487.6297026672125,498.3002624511719,46323700,384.822533208354,397.0094866568717,384.29868393839774,396.3670043945313,23433100,117.40464986998916,118.10360288358513,114.33922859376143,117.12506866455078,284337900,-0.07533682026317694,0.051883947354935935,0.032410254263822325,1.3063561680580824,-0.006521231575474182,6.750473409633459e-05,1.0106286835923646,0.008805731335141398,-0.0017406205379890659,2025-03-06
2025-03-06,Q1,train,233.00684447444675,236.4059358119138,231.7346704709097,233.8914031982422,45170400,490.0417668831769,494.895615354215,482.60712565033873,484.5923461914063,57574300,389.70521049036057,397.4838909032578,388.12376908504734,392.2849426269531,23304600,113.36069823382532,115.17798387118098,110.0556366780344,110.40511322021484,321181900,-0.05590264242254546,0.05245503228508608,0.026011388829437265,1.3330108562550993,-0.0011897057899846496,0.00019676493558265772,1.0797900753483956,-0.001908107746295018,0.015767528829907364,2025-03-07
2025-03-07,Q1,train,233.6727221740344,239.8944479764648,233.3248557337566,237.6085205078125,46273600,483.5599718062666,489.6347411717219,476.9789615630039,488.15576171875,54714700,387.76795648683793,390.2191619837315,381.0666253730808,388.7464599609375,22034100,111.08408724577036,113.31076488585998,107.3995878917184,112.52194213867188,341755500,-0.05601575165176296,0.05832068310457019,0.042132386932442256,1.4572710722678932,-0.0011113108730406744,0.0002529876395764141,0.9146836593761164,0.025431061417164336,-0.049694080767307726,2025-03-10
2025-03-10,Q1,train,234.10009611136832,234.71631625547707,222.8493051372945,226.08937072753903,72071200,479.87744712390025,480.39359355913183,465.19673274957023,469.2366638183594,76668000,381.3631114017718,381.9166113327009,372.8431337183802,375.7490234375,32840100,109.73609301585864,111.6831816739289,105.30271254146378,106.82044982910156,366487400,-0.05215732632939953,0.044902925071654276,-0.0025647789858571635,1.5705126906934943,0.0012281780963375232,5.566180388550419e-05,1.0953575984045223,-0.01723365436821811,-0.029623807422096398,2025-03-11
2025-03-11,Q1,train,222.4418202229124,224.45940937640347,216.1206990584521,219.489974975586,76137400,468.85944790641054,475.2717015064333,463.55891291656457,468.114990234375,68760800,374.6024872406928,381.5212666884101,372.5367409966354,376.0356750488281,30380200,106.83043665954976,112.0726069900584,104.61374627233778,108.5978012084961,354865700,-0.054793725807853064,0.044986021314607424,-0.02229416123624539,1.8884920586055145,0.0006657230495697437,-0.00022370937213559154,1.2686427034475471,-0.053985623632197166,-0.017633307541260808,2025-03-12
2025-03-12,Q1,train,218.7942505386503,220.39440897367027,213.5962265598192,215.653564453125,62547500,475.6191281711679,477.50508157643935,468.3035955192933,473.3956909179688,46971100,378.5066728711865,380.7503233781215,374.55308456142495,378.8229370117188,24253600,113.96030532134075,116.59661034457648,112.72203506897392,115.57803344726562,323857500,-0.044297588922829714,0.041293337971567354,-0.050843876427415724,1.712764439112469,-0.010165732636827268,-0.0004891801325868028,1.3238536820931752,-0.03407422691858586,-0.03422261109721392,2025-03-13
2025-03-13,Q1,train,214.62986833256545,215.5144270476188,207.14590135231947,208.398193359375,61368300,472.7305781456632,472.76035523811606,462.98313932199375,464.8790283203125,46563300,378.71423026442886,380.8491715851453,373.0704913614682,374.3751525878906,20473000,116.86621875800482,117.59520049683546,113.63075517539951,115.41825103759766,299033100,-0.027136062591446675,0.047678262093462265,-0.1088717752499011,1.791142977662268,-0.0030643656608386393,-0.0011181295641400507,1.5331581870968096,-0.04424609309300154,0.018007451928336908,2025-03-14
2025-03-14,Q1,train,209.9585940343847,212.6420854575803,208.2988048386841,212.18490600585932,60107600,470.2292461988736,477.00876061202655,469.62373821824536,476.1154174804688,43563000,375.3734493768336,385.7022111357248,375.10659301872727,384.0515747070313,19952800,118.44401014075396,121.7094305400334,117.98465480860956,121.49972534179688,277593500,0.004159508213419927,0.059066786017414795,-0.14085289270859075,1.5833077292972708,-0.00017027976445254712,-0.0014429009326394728,1.6106615234185402,-0.0030456207508682276,0.0023859473641261444,2025-03-17
2025-03-17,Q1,train,212.0059881512876,213.904315554563,208.6864099217596,212.6917724609375,48073400,476.0657408601252,482.2497130174167,474.2691189068619,479.202392578125,41744400,382.2131473268013,388.1533930243756,381.09625384575537,384.18994140625,22474300,122.5682312033008,122.71802281178024,117.86482345684048,119.36272430419922,255501500,0.04154158045461951,0.055589978799494164,-0.1291973695662917,1.3559794907312963,0.0026072811073302123,-0.0017876395962724719,1.58387533932689,-0.004447380019739655,-0.0061402126739018474,2025-03-18
2025-03-18,Q1,train,212.85081593904235,213.83475423543345,210.19713981325924,211.38980102539065,42432400,475.867271104116,476.0657749736721,468.91899953639006,471.03326416015625,39072300,382.5788655792479,382.8753726383068,376.6781337960948,379.0700378417969,19486900,117.83485847417,118.85342762738914,114.37970167383446,115.2684555053711,299686900,0.055348513581228054,0.053347210285780225,-0.0716518603861579,1.4272881389494003,-0.0040300139837993396,-0.0009268382714287202,1.524833911821429,-0.002735483119723714,0.011917964160499448,2025-03-19
2025-03-19,Q1,train,212.91044076829724,217.4226803637017,212.443312738742,213.92420959472656,54385400,473.28646764378425,481.74349565345614,471.3608014299573,477.3363342285156,40430300,381.0567221702146,385.158563988563,379.54447585576617,383.3201599121094,19185500,117.10587965509885,120.2814296141779,115.51810848491796,117.35552978515624,273426200,0.047819287196391655,0.04925066506851707,-0.02164451311903237,1.5283928634348656,-0.0024681509719595447,-0.0003383011575731951,1.3941649134201255,-0.004068950910435465,-0.005310465964745333,2025-03-20
2025-03-20,Q1,train,212.6818553101102,216.160459331218,210.92267131595003,212.7911834716797,48862900,473.3559666184429,480.969270043224,472.6611273475336,475.7183837890625,36780500,381.2642891356356,387.2441097112173,378.8328407062668,382.3515319824219,18470500,116.38688818380663,120.0317738155389,116.30699831746894,118.3641128540039,248829700,0.02982261880779007,0.033137932449971055,-0.0023348143151403766,1.5145806666655393,-0.00010741864799833955,-4.768208915616525e-05,1.272063200894984,-0.012770965082109731,0.019289597898125593,2025-03-21
2025-03-21,Q1,train,210.2666968536004,217.5021918152461,209.9884097524224,216.9356842041016,94127800,470.5766275228687,478.0509810732746,469.4152905592447,477.2866821289063,42234900,378.7735245117788,387.194656647968,378.3583844724842,386.7202453613281,39675900,116.77634740953133,117.82487338576216,115.25847035053428,117.5352783203125,266498500,0.009767738243249658,0.013743557509157501,0.03523007151371532,1.5558930259871693,0.001769023207051798,0.00041351093475474774,1.3941449043195575,0.023671010045785756,0.011207406057225274,2025-03-24
2025-03-24,Q1,train,219.64899945464327,220.1260609084734,217.2437950361324,219.38064575195312,44299500,484.8576491349716,488.60538941404207,481.5373907904982,487.7604064941406,34567200,390.81222312553433,390.81222312553433,385.2870867325212,388.5191345214844,21004500,119.71223179694545,122.04896105750126,119.17298658297102,121.24009704589844,228452500,0.009717840447682247,0.013935488426126307,0.01795033632167531,1.7497637002200963,0.0028154201671182835,0.0002729399483521663,1.2978072169404238,0.03277683137862719,0.01358906612243731,2025-03-25
2025-03-25,Q1,train,219.42039321145907,222.7300380772677,218.73460889257407,222.38217163085932,34493600,488.4861400211188,490.7029423960745,487.5218710331621,490.54388427734375,26035200,389.3493790004213,391.7610400507305,388.0842319836349,390.5749816894531,15775000,120.38130705821352,121.12026937928964,118.75358318150823,120.52111053466795,167447200,0.015415486884791774,0.01182463127954061,0.014040813049103651,1.9038303079114538,0.0011257954735343562,0.0001574880614011037,1.4515215517281659,0.0317963421805898,-0.009971301239309024,2025-03-26
2025-03-26,Q1,train,222.1436424317859,223.64442126802376,219.12223310716143,220.17575073242188,34466100,489.3906651224751,490.2455985952576,479.9667080597325,481.5174865722656,34627100,390.4168262767483,390.7232269425197,384.061440622416,385.4451904296875,16108400,118.5638454632065,118.6736845133834,112.55226594608844,113.60079956054688,293463300,0.015263722619278641,0.011419344044042013,0.04244852913433367,1.4401293804261355,-0.0009393388379817383,0.0003348019382626021,1.423911702934454,-0.006902394064447925,0.010418160557748935,2025-03-27
2025-03-27,Q1,train,220.0365991694977,223.61459773398053,219.21167130142223,222.4815673828125,37094800,479.5591741727875,483.70451433059617,477.4119351757768,478.7738342285156,33469800,385.6033656235933,387.6888690270636,382.9050306805178,386.0481262207031,13766800,111.19417323533278,114.28983351449122,110.5051440147698,111.27406311035156,236902100,0.00018181722080494732,0.025871285097203933,0.07065554582538885,0.760662224033419,-0.0011810901405444015,0.0007295421831713111,1.441972587248431,-0.017029555745621927,-0.026940052915421453,2025-03-28
2025-03-28,Q1,train,220.3148741658856,222.44179120535847,216.3492605717641,216.5679168701172,39818600,476.974551402309,477.6803471496016,465.28403763438615,466.1687927246094,46363800,383.5771709738401,384.61500612887534,372.5565482590105,374.4048461914063,21632000,111.33397028810096,112.71204388720729,108.9173588485005,109.51651763916016,229872500,-0.034329459612206216,0.03574961682321507,0.04833973998333657,0.6491531178979424,0.003132150822332581,0.00047397936552324294,1.2133699575233057,-0.03500961120233603,0.019226652685573595,2025-03-31
2025-03-31,Q1,train,215.683368745432,224.24073468961828,214.908138255618,220.77207946777344,65299300,459.19026229129486,467.08331235256605,454.6273605455005,466.1488952636719,53000300,368.2174556076631,372.6948931611048,362.978933000102,371.0343933105469,35184700,104.98287310192076,110.80471613819728,103.5049485540766,108.22832489013672,299212700,-0.06059822788997371,0.0338230831557619,0.08250550584985727,0.6955318942955863,0.0003653764913989075,0.0010507662681359868,1.3649754283538085,0.02113257430573423,0.004760596951724679,2025-04-01
2025-04-01,Q2,train,218.46624988397505,222.31258685550367,217.5618092777705,221.8255920410156,36412700,464.53844262078127,470.8310519884103,461.6754876852753,469.9065551757813,41156200,370.3029705230893,378.4078388750376,368.89946352111616,377.7554931640625,19689500,108.36812587384452,110.04577506451116,106.32099936404416,109.995849609375,222614000,-0.07513800279208445,0.035165002838089966,0.057573872007486926,0.7175985310783519,-0.0008948065839167272,0.0008303207304321724,1.231751865754708,0.04674148253066979,0.003131449965822007,2025-04-02
2025-04-02,Q2,train,219.9670353213626,223.8133724100327,219.66886624627367,222.5213165283203,35905900,463.3654253458386,476.7260031222664,463.1069521266998,473.3361511230469,49894500,373.5844861787052,380.6119757035965,372.25014394283687,377.70611572265625,16092600,107.1398553905561,111.82329447216486,106.64055510872038,110.26547241210938,220601200,-0.06465238451768496,0.029525175870961595,0.03537232375898769,0.6910331982634508,0.009422562754717019,0.0006011899189877618,1.1353342303961347,0.05940675335379508,-0.09701335281380875,2025-04-03
2025-04-03,Q2,train,204.28348559152053,206.2215769781628,200.0197179050274,201.94786071777344,103419000,453.742637111202,457.3511902166352,447.4798795534505,447.9967956542969,70456300,370.4413834397649,373.1001742376296,365.06450042697054,368.7808532714844,30198000,103.36514539947606,105.48217369637304,101.45781468579652,101.65753936767578,338769400,-0.060297393746875615,0.025284744949269668,-0.02671883749996734,1.3517333855025158,-0.03430904228727657,-0.0007180094288304722,1.1420138263210002,-0.06674458619954005,-0.07568015831503862,2025-04-04
2025-04-04,Q2,train,192.7047355778497,198.658123727335,186.19477317599052,187.2284240722656,125910900,435.5508223213529,437.7676247006197,420.1722412109375,420.1722412109375,117088400,359.9050576420754,370.2436833446925,355.3090169453245,355.6648254394531,49209900,98.77159334909084,99.9898797349743,91.9811059228115,94.1780242919922,532273800,-0.07421205579711901,0.032368247648265,-0.04042015669014282,1.4346260118647882,-0.12970479035211077,-0.0015423871085187219,1.2930711832121686,-0.1713406572378231,-0.03742597281875149,2025-04-07
2025-04-07,Q2,train,176.1167553732534,192.96313526897592,173.55252535537636,180.3507232666016,160466300,406.24497996843866,440.5212273303754,400.01204418212296,421.1861572265625,161557000,346.808801297969,366.6953473866903,340.7894661963344,353.7077941894531,50425000,87.33759621246332,101.60759784636036,86.4987754744505,97.50334930419922,611041300,-0.09313145775817752,0.040827804817794355,-0.11019392682974138,1.5523419375177705,-0.25992042803766324,-0.0035366881503643434,1.1756729550010547,-0.1505720387957623,-0.05110208039708564,2025-04-08
2025-04-08,Q2,train,185.5586531084637,189.17640027021665,168.17558356470508,171.36595153808594,120859500,435.5706616527368,440.5212428610244,407.3683213181599,413.6012573242188,101248100,363.98715955184485,369.31460473132455,346.1861164728992,350.44610595703125,35868900,103.66472218207365,105.70186824827938,94.3278084260022,96.1652374267578,476243400,-0.1072868136031317,0.03969111510860941,-0.12845868614809836,1.6954436347618238,-0.2144706811413243,-0.003931354510649844,1.2864506121690884,-0.04559594558547331,0.14261751897179017,2025-04-09
2025-04-09,Q2,train,170.89883496621582,199.3836347505176,170.83920418374143,197.6343994140625,184395900,413.11420733728266,465.0653576176641,412.9750201017136,463.2461853027344,142876900,349.43791334353114,388.6673960004068,349.00301621371585,385.9591674804688,50199700,98.75160385221358,114.93891720962624,97.39350654873373,114.16999816894533,612918300,-0.05092699618126355,0.06471576359142346,-0.14047094229214718,1.3594916870980795,0.08391682480177647,-0.004998197745712474,1.3379486002379715,0.16575442366787485,-0.043318680896740624,2025-04-10
2025-04-10,Q2,train,187.9141823452429,193.58926741380884,181.88128226075605,189.25592041015625,121880000,450.8796663706337,452.89766878987024,430.07336033484415,443.5432739257813,108384100,377.6269854135807,379.4456324184745,363.5324334212975,376.92523193359375,38024400,109.21694044618194,110.70485307181583,99.01124202201945,107.4194564819336,437812400,-0.004101744836673804,0.061000047698584844,-0.1022297525259046,1.390721712432833,0.06941859074592431,-0.00329464479699341,1.316448164104626,0.126153412364299,0.03979213263841825,2025-04-11
2025-04-11,Q2,train,184.96233608452025,198.3201616874928,184.92257212057936,196.93865966796875,87435900,442.0223093443537,453.09649143953806,438.7219217931667,451.7146911621094,52483800,376.2234920445777,385.52428234575257,374.4937970946495,383.94287109375,23839200,108.348157786305,111.39389245819964,107.32958859529616,110.7747573852539,313417300,0.08585561674437306,0.055202588559305085,-0.07600436160066881,1.3993855299204223,0.10332115959952781,-0.0014396655849032607,1.3559513561740075,0.046713672851506294,0.021814438723069072,2025-04-14
2025-04-14,Q2,train,210.14743595954587,211.638266220138,199.9302804535287,201.281967163086,101352900,461.7152208667026,462.3017305650004,449.95514472763216,454.7764892578125,43941200,388.6575350248574,390.0709357337415,379.75206690221165,383.310302734375,19251200,113.9503045917023,114.1300529879136,108.91735711650354,110.55506134033205,264705000,0.11400585093003093,0.04972193494665951,0.007283001012958756,1.453030381676901,-0.00600233944791523,0.002272025166436006,1.501617189687771,-0.03462518083220023,-0.0018781629607929418,2025-04-15
2025-04-15,Q2,train,200.6259945192588,202.26590170954893,198.57859009217825,200.9042816162109,51343900,455.83021518157193,459.6475186324782,453.454324591476,455.283447265625,35404200,384.0021677861047,387.3429548173336,379.702634359307,381.2544250488281,17199900,110.81470199440513,113.46099492172468,110.3453585264742,112.04297637939452,228966900,0.14566024414726955,0.055171111694865216,0.04585956801687707,1.4500798794171992,-0.03993722295868577,0.004479893535216462,1.4836128510012767,-0.030601988710582173,-0.039711556124364056,2025-04-16
2025-04-16,Q2,train,197.1473909296092,199.47308245703653,191.19400339685228,193.0823974609375,59732400,446.3764289285455,449.94520996662885,435.17304059444126,441.5550842285156,48980600,376.25315416820064,377.1822197333743,363.730149078798,367.2982482910156,21967800,104.40369410395132,106.64055727885454,100.30942561460589,104.3437728881836,397016900,0.06588791849028082,0.032691291148775094,0.04417560242198465,1.4475641567955935,0.012640630880570257,0.0014902182274515183,1.582926931625679,-0.00129767362591926,0.013853112649901479,2025-04-17
2025-04-17,Q2,train,195.9944589047864,197.61449911758032,193.2314550257992,195.7758026123047,52164700,444.5274509761507,445.10401010316673,438.7517574071589,441.4755859375,44837000,369.4133653600013,369.976758868816,362.6329766642394,363.51263427734375,21120200,104.30381795694564,104.3237942331935,99.90998190333625,101.34796142578124,292517500,0.005433878119652768,0.031805585729339,0.08050288882833756,1.4159469219885554,0.01365695049332556,0.0024145028714611686,1.7424095914421083,-0.053824538198221195,-0.0195831751242472,2025-04-21
2025-04-21,Q2,train,192.08851517151223,192.6152739871965,188.64966000796989,191.97918701171875,46742500,435.64027525418857,436.48522787937225,425.40112526573694,430.5505065917969,44149300,358.6102367890087,360.2509795659297,351.54320368031085,354.9531555175781,20807300,98.6317735699764,99.3008417327631,94.90699776234818,96.77438354492188,288501100,-0.08511907991900555,0.03399568561715551,0.0757627917610455,1.4151174875413588,0.011987339200171847,0.0010884444845017675,1.4207172842277052,-0.02193340796817156,0.03349760352717891,2025-04-22
2025-04-22,Q2,train,194.92107095045927,200.3576328645196,194.7719939992729,198.5189514160156,52976400,436.2267468236976,444.93495790304166,435.0338262355641,441.8533020019531,52304400,359.1637542302739,363.5028019496421,355.68457702509073,362.5638427734375,19485000,98.6417555090913,99.67031279819464,97.14385476914264,98.75160217285156,241004800,-0.0907106207141705,0.03717652941103176,0.06671785278579029,1.322431134267555,-0.003775961171996424,0.0006660664618886773,1.2081634914174453,0.057403774110920014,0.02404049188359922,2025-04-23
2025-04-23,Q2,train,204.7407093293248,206.7284832063085,201.56027415925303,203.34927368164065,52929200,455.4624310494103,460.641633756553,450.20368411807647,451.8737487792969,55801100,371.6966268435602,375.9764033603888,368.6918910858119,370.0460205078125,20545500,104.37372584399633,104.6533403969428,101.87722447592722,102.5662612915039,247526000,-0.09561730002360666,0.032055685292304334,0.06915984757140609,1.0854940729666915,0.0013395316158576762,0.0009086204410632683,1.1711237290375036,0.09300867769612708,0.018258317530813216,2025-04-24
2025-04-24,Q2,train,203.63746952607696,207.55338601533765,201.6993932641485,207.09619140625,47311000,453.78243704630535,464.896361425193,453.1362539590864,464.5881958007813,45956100,371.34077108557176,383.9428330432701,370.8366789549492,382.80615234375,22232300,103.33517578708889,106.39089066307956,102.96569088547096,106.28104400634766,220815000,-0.03999505542681296,0.03306828871177201,0.042185448334998266,1.1735824221194535,-0.002854058643675962,0.000778487568091579,1.1253721679629063,0.07806755301852242,0.004357782685278415,2025-04-25
2025-04-25,Q2,train,205.10842646651813,208.46776890662989,204.9394675201618,208.00064086914065,38222300,464.210432874224,470.2942617606861,462.639783263479,469.7673950195313,38697100,382.50964370251074,387.6097759048288,380.1374969060445,387.3033752441406,18973200,106.70047768277183,111.7633826618512,105.58204983332996,110.85466003417967,251064700,0.025150036415139354,0.03760712385635947,-0.017181634879029017,1.037849074952603,-0.0035143939813583017,-5.458397753681117e-05,1.0583011319121427,0.024208937335122416,0.004100730390364789,2025-04-28
2025-04-28,Q2,train,208.71620315087387,210.2070331733801,206.19173765225315,208.8553466796875,38743100,470.2345868172972,472.0040665388327,463.2759539267501,469.6182556152344,33550800,387.41210451108,388.183053013966,382.1538550582223,386.6213989257813,16579400,109.53649064316204,110.21553928394424,105.87162103934428,108.5778350830078,207708500,0.08688302165022006,0.02691323726484418,-0.017687232002016273,1.0843223187405961,-0.006452721520287752,-8.884742528314796e-05,1.1164334135181284,-0.05197928039367272,0.005079081496281544,2025-04-29
2025-04-29,Q2,train,207.4142395090872,210.94254069563792,207.0961884524305,209.91883850097656,36827600,467.3915381780168,473.60460372916896,466.8149487060188,472.7198486328125,30613100,386.7597585973815,390.51568553400665,385.8504501911824,389.4679870605469,14974000,107.51932238432488,110.04578062718969,107.2896485179105,108.867431640625,170444300,0.10852732646311436,0.020159002043710662,-0.03089650968272184,0.9580735171295848,-0.003380590020639302,-0.0003843057620972577,1.107918288684458,-0.049545381427397395,0.0060890440670374425,2025-04-30
2025-04-30,Q2,train,208.02050829648644,212.2743425468257,205.4065811843612,211.2009429931641,52286500,464.36947606745446,474.3799741649081,459.697238824554,472.6601867675781,46810600,385.7713570331464,392.0575779640377,379.979364791359,390.673828125,36461100,104.32379376082017,108.76756286621094,103.93434018163836,108.76756286621094,235044600,0.10050355471872063,0.024474546241138005,-0.019490917753419157,0.9518410727515564,-0.0006192407344002853,-0.00022843737619228217,1.0916136598080548,-0.023882706406015197,0.0038514694056757245,2025-05-01
2025-05-01,Q2,train,207.8018598241444,213.2483553954001,207.62295230903425,212.0159454345703,57365700,480.5532529218463,484.3009628787672,477.8990181556589,478.8334655761719,43316500,426.1078811300293,431.9196612018972,419.96994327038766,420.4641418457031,58938100,112.92174799120272,114.7791455573913,111.14424029465428,111.45380401611328,236121500,0.08796703640642149,0.03273077831118647,-0.04976616237380993,0.8409529615140703,0.008040395691295272,-0.00019357003610050952,1.2122750027437028,-0.0023699701244015436,-0.03807770277365556,2025-05-02
2025-05-02,Q2,train,204.8301014441782,205.7246085520007,200.9241340864256,204.0946350097656,101010600,483.6647778483157,488.00894827712347,481.9648613296433,485.9412231445313,39218100,426.7305579775838,434.3412277785372,425.0008630376841,430.2294921875,30757400,114.02021557227994,115.23850951002052,113.21135153306962,114.33976745605467,190194800,0.08079301810888728,0.03274432730620711,-0.08991473830454999,1.0517142075165824,-0.021147479033197806,-0.0012746251276328925,1.337333305073532,-0.03390294897087598,-0.03196382271040987,2025-05-05
2025-05-05,Q2,train,201.85841873478097,202.85230555245,196.99831280299983,197.6741485595703,69018500,481.7362227016212,486.14003597307794,481.2391774925475,483.058349609375,28309500,427.84743296236513,434.4005103334852,427.0962415401901,431.1091613769531,20136100,112.75199823422923,114.50952981770942,112.50234808238876,113.66072082519533,133163200,0.08980990740255887,0.04168339985321088,-0.13447626864514273,1.8785272696579833,-0.042062871092213815,-0.0015695946558632473,1.6036914770792263,-0.08366980391289958,-0.0019124747559765396,2025-05-06
2025-05-06,Q2,train,196.9983091053983,199.42338015596505,195.81558138809007,197.2964630126953,51216500,476.7260205679887,482.1835675083398,475.36412148604,478.5650939941406,32786300,427.1852423209488,432.6510771239263,426.1671945058241,428.2823486328125,15104200,111.32400387233044,114.57943650755207,110.6649237860017,113.38111877441406,158525600,0.08863965427779978,0.04055720018397217,-0.13068996538096467,1.7646203074265565,-0.03840637620422536,-0.0015619959742773294,1.6054713111091403,-0.09739503048653442,-0.011450126177303099,2025-05-07
2025-05-07,Q2,train,197.95242524507103,198.2207789180717,192.0686174137577,195.0502777099609,68536700,479.2310866723673,482.9291041737698,473.9624196873836,480.4438781738281,38006300,428.80620435216304,433.0365428333408,426.1078693467033,428.3218994140625,23295300,112.8918038042742,117.5153219594032,112.12287705585727,116.89618682861328,206758800,0.09424948817377916,0.04040966078802204,-0.1620210689828523,1.6230819104614778,-0.01553270896433194,-0.0018684702418660822,1.8803911322993832,-0.06631376309459702,0.006298682870183916,2025-05-08
2025-05-08,Q2,train,196.5113045675241,198.82706269335063,193.4898801219913,196.28271484375,50478900,485.6430214704163,489.7883921245775,481.3088015351198,485.4044494628906,39577600,432.8487322038109,438.5221520354275,430.6050816589352,433.0859680175781,23491300,118.084515254596,118.51391379663416,115.68787240644632,117.20574951171876,198428100,0.07860003949228633,0.03352110315105894,-0.11502133559695837,1.8267996087331164,0.00039756591473287474,-0.0013514260975025269,1.783772880459415,-0.006478557676740437,0.005252288792973204,2025-05-09
2025-05-09,Q2,train,197.78348851905432,199.3140676367793,196.3324070058388,197.3163604736328,36453900,487.3130565449711,488.63521379310254,483.326774588034,485.0863037109375,27767400,434.8947187750956,435.6261229679929,430.8225275981773,433.6394653320313,15324200,117.18577270674557,118.06454606438504,115.0487681449328,116.48675537109376,132972200,0.05559484006765407,0.025618973476768937,-0.04656303091110903,2.3246189758857208,-3.2251207869145704e-05,-0.000363283292967997,1.7034085826685057,0.011413628143349785,0.06123254991666051,2025-05-12
2025-05-12,Q2,train,209.95526516858172,210.2538252478288,205.7555615605908,209.776123046875,63775800,503.99391286415016,504.88861854839246,498.51649505607935,504.8488464355469,45090600,440.7657862582039,444.155980926374,434.6772567640601,444.0472717285156,22821900,121.79931583574869,122.82787322998048,120.11167839159091,122.82787322998048,225023300,0.04338850084398489,0.016721985889356007,0.005889401906796654,2.361839872526926,-0.009810947544746674,0.0002492449484010169,1.5358643554167302,0.07064092680766687,0.01010106235867937,2025-05-13
2025-05-13,Q2,train,209.4178474798385,212.37356332026263,207.99473291206183,211.90582275390625,51909300,506.151126830997,514.3325026354601,505.4155095627927,512.5431518554688,53269600,442.5844751269483,445.4409573721911,440.1925407492767,443.9287109375,23618800,124.8051066300396,131.03637225526788,124.295818189616,129.7481689453125,330430100,0.06262075259268678,0.03285683468403726,-0.016395799296340052,2.093648116107615,0.01740373617758568,6.4236226375199e-05,1.503998708855181,0.06596833598064933,-0.0028217713493744537,2025-05-14
2025-05-14,Q2,train,211.40822571910564,212.9109724892217,209.56713314477625,211.3087158203125,49325800,513.7161819509431,516.1616058199734,512.7021901958013,515.6148681640625,47014500,442.940276452347,448.6334230518337,442.940276452347,447.6845703125,19902800,133.01358451331882,135.25045513495294,131.49570747587302,135.1505889892578,281180800,0.09755825180795226,0.053065215821859454,-0.01732737405940943,2.1097586998926445,0.03775646709977194,0.00021193940979176207,1.5387212154730845,0.020116595666633152,-0.004153083573272205,2025-05-15
2025-05-15,Q2,train,209.9353578089324,211.9356997167328,208.53213606160296,210.43295288085932,45029500,513.4676100523011,518.8456125999866,512.125551562593,516.1814575195312,50153300,446.3576953837484,451.7246558325709,446.0210270484144,448.6946105957031,21992300,134.10204362723803,136.10924022234616,132.47433530494334,134.64129638671875,226632600,0.11173216873178955,0.06488694547117957,-0.020309236283054144,2.0876777642963567,0.0012375476214117203,0.000183204397810288,1.4700223521317777,-0.05277836446910911,-0.000898965278450312,2025-05-16
2025-05-16,Q2,train,211.33858120774948,211.54757782116647,208.7610423595207,210.24386596679688,54737900,517.5830873308704,518.6169801912382,514.0441278903378,518.4281005859375,48394600,447.6251542704443,449.9125407132096,444.3376746324017,449.8234252929688,23849800,136.02937003025397,136.15919297953724,133.27323795943153,135.21051025390625,226542500,0.11482788404377894,0.0676746049504906,-0.03351257422393228,2.030562559913024,-0.0028520356258545303,-6.732421340462728e-05,1.4915894272764527,-0.07077719770245927,-0.011808497154382657,2025-05-19
2025-05-19,Q2,train,206.90999202317107,208.4724326946764,203.2775387890809,207.7758026123047,46140500,511.2010686059385,519.442117353632,511.2010686059385,518.9251708984375,52536200,446.4666065174048,455.0913410046994,446.3873726676465,454.3783874511719,21336500,132.20473687113784,135.6798627990254,132.20473687113784,135.3802947998047,193154600,0.10066680451324203,0.0675192385730075,-0.07226601198874472,1.6752088602744595,-0.005046482380802928,-0.00078792363198977,1.47052946705133,-0.039166735379753015,-0.009238837244430798,2025-05-20
2025-05-20,Q2,train,206.67113760639387,207.46729276724128,204.0438362053752,205.8650360107422,42496600,516.4001137065187,517.8515075410328,513.6067220946634,517.1954345703125,42517600,451.13050930908776,453.8535912700005,449.87295142774695,453.6852722167969,15441800,134.10203943343691,134.3916420789913,132.43437861355363,134.19192504882812,161514200,0.07581422306135269,0.05401607740365462,-0.05662036637881673,1.7418634199385261,-0.001099849230879715,-0.0007297650903380539,1.6506324292140642,-0.03318909175492479,-0.02332908328372771,2025-05-21
2025-05-21,Q2,train,204.1831685508297,206.0441693385156,199.74462882701684,201.11798095703125,59211800,513.2190402211261,519.9092488061895,508.21873667770086,510.0080871582031,71292800,450.12052955644793,453.2991005803846,447.38753565613104,448.1401062011719,19216900,132.87378601013486,137.2077087161811,130.40724144628155,131.6155548095703,270608700,0.031225880498434666,0.033018430658500186,-0.03565739859713202,1.6932447620818412,0.010068200586522177,-0.0007877820272458785,1.4870394257816613,-0.049826296344177456,-0.0036188549923220755,2025-05-22
2025-05-22,Q2,train,199.74461200022,201.77479312617928,198.7394602788173,200.3914794921875,46742400,510.6245069423915,514.6506220653856,509.2725584046473,510.9625244140625,55607200,450.4967994491365,455.7449090739042,449.4570590917957,450.40765380859375,18025600,132.04495280891254,134.0621302833829,131.36591171623223,132.6441192626953,187344000,0.004106999059566685,0.01817030827777526,-0.04221042036812994,1.6427613744675111,0.009352842158806305,-0.0008514880638162403,1.5274387201476205,-0.03750424189099422,-0.03071109199247199,2025-05-23
2025-05-23,Q2,train,192.738469754576,196.74908474491085,192.52948833207407,194.33078002929688,78432900,503.18864625765127,508.81520128108224,502.5921859799972,506.2305603027344,58368100,445.5754438212613,449.2491205375805,444.5159101158957,445.7734680175781,16883500,129.81807417545411,132.49431639064062,128.97925335315108,131.10626220703125,198821300,-0.015055291040771367,0.013517184575864528,-0.05600973372626111,1.6704815437410692,0.00769667329841993,-0.0012214151763571001,1.5726352923691795,-0.03978681216940805,0.02498362542924931,2025-05-27
2025-05-27,Q2,train,197.34620772495165,199.77447409530296,196.4803819774073,199.2470245361328,56288500,513.099785560271,518.6269257716245,511.5490069592283,518.1397705078125,47226300,452.0118507212909,456.43809825868186,451.6553587930952,456.1806335449219,20974300,133.96224703921547,135.47014350181522,133.1234263008756,135.31036376953125,192953600,-0.00918268702517604,0.012892842223290235,-0.04277290859846,1.4819151221341034,0.0011932609171179387,-0.0008296685448179032,1.4990156897506213,0.006041718009881292,0.0010483975661115467,2025-05-28
2025-05-28,Q2,train,199.6252046868552,201.7549111726597,198.9385209981625,199.45602416992188,45339700,519.0941399870436,520.5852756508032,515.326559052752,515.8434448242188,46637200,456.7054113344306,457.9926743719098,452.45739496057166,452.8831787109375,17086300,135.83963178227697,137.0579256739289,134.60136161311598,134.621337890625,304021100,-0.00665922720393739,0.011882809198924283,-0.031848124025109836,1.4352628691689382,-0.00048037479051244445,-0.00036961159062467183,1.4201604073896403,0.01653250088842384,-0.0023480003697965326,2025-05-29
2025-05-29,Q2,train,202.60079553265004,202.8296849960031,197.55517460719432,198.98825073242188,51396800,523.2196247969079,523.3687019543887,514.2628604553026,516.857421875,58513300,457.0321797296883,457.2005290082406,450.8532686393741,454.1902770996094,13974800,142.05093948600498,143.28920975153582,137.71701641280157,138.99522399902344,369241900,0.01521750281340386,0.015571859344203864,-0.04537471200608456,1.5687707778781093,0.005747869888852186,-0.0002732299182034374,1.4624259781423457,0.00802249212759909,0.004491201267957238,2025-05-30
2025-05-30,Q2,train,198.4110644858464,200.98861863398105,195.8335255231089,199.8839569091797,70819900,516.370303138387,517.6029654866918,508.9046747674079,516.042236328125,67662800,455.2200705832806,457.1608768265464,451.0809934148865,455.8537902832031,34770500,138.52585950975748,139.42459384487097,132.73397369059805,134.94088745117188,333170900,0.02031806215106131,0.013680239296537722,-0.017236074314742056,1.642877973204369,0.0017702349280711597,-0.00013930922991551114,1.4820469377419776,-0.006355706861006505,0.004223109342329855,2025-06-02
2025-06-02,Q2,train,199.31670530145792,201.15781336810343,199.1574712143689,200.72987365722656,35423300,514.18335129797,520.3566750351536,512.9208369697641,520.1181030273438,44762800,452.6653804963421,457.5867035205711,452.41782757710985,457.4480895996094,16626500,135.30038976970178,137.9266987725352,135.21050414256473,137.187744140625,197663100,0.03423344724764978,0.014365998128458624,-0.0033588684827745574,1.723753041465894,0.002641192539286063,6.163364913860663e-05,1.2793944484333397,-0.014605519319914162,0.007753576085233218,2025-06-03
2025-06-03,Q2,train,200.3815341795081,202.78989241693247,199.99341064507595,202.29229736328125,46381600,520.4659496294596,525.6153304447355,519.6010958649408,524.183837890625,44070300,456.95294554827,459.59682380087423,456.3489007620485,458.4382629394531,15743800,138.5857816307834,141.801276586457,137.75694135463797,141.02236938476562,225578800,0.02981793237052306,0.013386130233573,-0.00829763588321697,1.678693342547868,0.006644275766662189,4.406426824114511e-05,1.280657259472798,0.020652431208862176,-0.002216156247523734,2025-06-04
2025-06-04,Q2,train,201.93404589483336,205.248031062868,201.1279442674136,201.844482421875,43604000,524.8896842213366,526.708886650537,522.8617009643712,525.6452026367188,41359300,459.4582306475514,461.1316908447896,458.4878122988585,459.3294982910156,14162700,141.99100090060617,142.19071794379053,139.3447005567539,141.72137451171875,167120800,0.03731194530714184,0.02002877359590325,-0.021512515320371572,1.6240728361391383,0.0006650383657142346,-8.726624212448005e-05,1.4282876060946732,0.0015215829695451877,-0.01085658334241686,2025-06-05
2025-06-05,Q2,train,202.521183994692,203.765171611367,199.1872911078447,199.6649932861328,55126100,527.0468212855055,529.8998557728775,519.5712423411791,521.6886596679688,61031200,460.4087959802116,465.0528909924181,459.487906406924,463.1021728515625,20131700,141.97102431113476,143.79846496522654,138.63570246128648,139.79408264160156,231397900,0.02777289638217384,0.01309824670822184,-0.009283525186879249,1.6860983758999575,-3.780559346344866e-05,-6.370675514342559e-05,1.3323135834964421,-0.019479968400053504,0.016265392143218663,2025-06-06
2025-06-06,Q2,train,202.0236053289331,204.7106157617459,201.07817770068,202.93917846679688,46607700,526.8679353376542,528.6572860020211,525.0885352856423,526.7883911132812,42467000,465.4886174973397,468.7068055435685,464.1914425792919,465.7757873535156,15285600,142.31057053380505,143.0695167658335,141.3119699021351,141.5216827392578,153986200,0.03237153826648735,0.015188387882980558,-0.019981888737040765,1.7470418086426187,-0.0010842311330341186,-5.090328250930902e-05,1.4251714242751998,-0.01541112212740825,-0.012186599183530416,2025-06-09
2025-06-09,Q2,train,203.4069099948636,205.0091667110405,199.05793398755327,200.4810485839844,72862600,527.0071545180014,529.2040557008712,525.8838273941709,527.5638427734375,33688700,465.1024554626714,468.7959258262165,464.03300988597726,468.1225891113281,16469900,142.98961854621228,144.7970831461155,141.74136782943543,142.43040466308594,185114500,0.031372088395866894,0.016219609477629147,-0.03201465768596479,1.2976176728717492,0.0014157905012115648,-0.00012666621737654227,2.0276798778248333,-0.009774488380478563,0.006037802354387632,2025-06-10
2025-06-10,Q2,train,199.63513956616532,203.36710243054736,199.605285078082,201.69517517089844,54672600,528.0309052999579,531.7389032205542,525.7644110626619,531.052978515625,40664800,466.5778321078869,468.172058367284,462.3892259287077,466.31048583984375,15375900,142.49031793007975,144.088069701399,141.33193761060437,143.758544921875,155881900,0.03364209131341402,0.019459614077791176,-0.02123890412798568,1.3605029643122857,-0.0027414145070040986,-0.00012523989484767152,2.13032661067098,0.005199162873784635,-0.01938021422813731,2025-06-11
2025-06-11,Q2,train,202.5212126953003,203.5164029296752,197.4556980468273,197.82391357421875,60989900,532.4546012685898,533.6077799068673,526.9771544229022,529.2635498046875,53701000,465.4192790589967,470.81594475736864,465.0628173622344,467.9938354492188,16399200,144.4176611881815,144.79716064315863,141.6813000562032,142.64002990722656,167694000,0.024600473353161467,0.011563020243154698,-0.0325917085144678,1.33942901401211,0.00047952397674419977,-0.00017458246921367595,2.114927432300169,-0.02885596811658475,0.002110526416483395,2025-06-12
2025-06-12,Q2,train,198.12244911144165,198.71955406677787,196.410720905765,198.2418670654297,43904600,527.9515275399644,531.4805365276557,527.703004925698,530.5062866210938,34104900,470.3702965389571,475.7174632765806,468.88497916047487,474.1826171875,18950600,141.78117540604916,144.80714416503906,141.66133988719625,144.80714416503906,162365000,0.024255277890743,0.01098369172549205,-0.037021016151660424,1.633031549093742,0.001002720089123246,-0.00015238486560406063,2.4681786308207854,-0.029119057527768666,-0.013901388234192515,2025-06-13
2025-06-13,Q2,train,198.7693188209708,199.4062398916536,194.758703844025,195.50509643554688,51447300,524.5616021772432,528.7268432784747,522.6231138097035,523.8458862304688,55814400,471.746732054574,474.4896074244908,468.13246560456287,470.3109130859375,16814500,142.29048989356696,143.3890329315276,140.6626682408541,141.7811737060547,180820600,0.019310865090800954,0.012957469312439174,-0.04241721504880536,1.3601740843393149,-0.0009277017274871168,-0.00024617948057408364,2.341959742738309,-0.035388849239448406,0.00997805529540567,2025-06-16
2025-06-16,Q2,train,196.35101387226533,197.7343275327709,195.6145677161257,197.4656219482422,43020700,527.3650479728419,532.2062642001805,527.3153555791812,531.1326293945312,37622100,470.5584575569121,475.98482813726486,470.3505215770748,474.4500122070313,15626100,143.159329390418,145.98555166191812,143.00951976951112,144.49754333496094,183133700,0.01984516737657114,0.010284012159604995,-0.029055915366173357,1.2632509995710341,2.6989275149363568e-05,-0.00017312981700105673,1.8439488837393916,-0.007388581954179463,-0.014109778885394804,2025-06-17
2025-06-17,Q2,train,196.2514839890114,197.4357626334873,194.27106541566712,194.6989898681641,38856200,528.5678317630843,530.1782533672921,524.7902396796701,525.953369140625,42180900,470.7466055851971,474.0539088222925,469.4395189734987,473.36077880859375,15414100,144.29781716982143,145.02684191909495,143.58875484653294,143.9282989501953,139108000,0.011227284446531694,0.006864907822806443,-0.04283699333638946,1.2435352869991412,-0.000565516412555929,-0.00016851147578883315,1.8332757994859148,-0.004300163771134291,0.00479327402565838,2025-06-18
2025-06-18,Q2,train,194.9975546383106,196.6197193940347,194.13174409281177,195.6344757080078,45394700,526.9673174269449,529.4028511373086,524.2833217813045,525.8638916015625,43983500,473.3211507460615,476.2917855833799,469.8157931767449,475.5392150878906,17526500,143.81845298832403,145.45627108510786,142.9296373487004,145.2864990234375,161494100,0.015862450125921846,0.008958216766443594,-0.02840575953627411,1.054300377142865,-9.025584268821896e-06,-3.285235197144732e-05,1.5663926449885117,-0.002869703037508442,0.022235446429914915,2025-06-20
2025-06-20,Q2,train,197.28649906078425,200.7298484455588,195.9131318065836,200.03321838378903,96813500,529.1146401876316,530.4069457539052,521.7782471531975,523.7167358398438,61643500,477.50979012623617,478.72773115460745,472.2022397987241,472.72705078125,37576200,145.2565234707711,146.00552584195606,142.46024490398213,143.65866088867188,242956200,0.008048566926675948,0.008644693785793111,0.014536568515993442,1.8210617159584992,0.004253067204649813,0.00015359113652289869,1.5276425787248609,0.021584963734967877,0.002484519702133711,2025-06-23
2025-06-23,Q2,train,200.6602023375907,201.3269779408771,198.00304635957568,200.53082275390625,55814300,524.2849177292203,529.6192118620138,521.1400908129034,529.1017456054688,50666100,473.52910172023695,482.97572926336846,467.8849134818946,481.2428588867188,24864000,142.31046402404658,144.58743022935184,141.84108794116847,143.97824096679688,154308900,0.012483411931055732,0.007438818566754257,0.0063362360931810136,2.1301016668955386,0.012605720312098523,0.00011366304023657266,1.3026810294356623,0.02610078383691472,-0.005973143235657363,2025-06-24
2025-06-24,Q2,train,201.61557243039425,202.46149014710028,199.23706853700068,199.3365936279297,54064000,534.3165868287479,538.1083222601969,533.6995634797794,537.1927490234375,45442000,484.1640031375646,487.0356109071577,482.0350238939456,485.3126220703125,22305600,145.36637857516104,147.76319531946535,145.3064608232896,147.70326232910156,187566100,0.014557194387900107,0.008067768803238584,-0.013065299235557992,1.4849689512355306,0.00943698772025385,-2.0015331906606925e-05,1.4138305576497265,0.03288606162163643,0.006270846868604022,2025-06-25
2025-06-25,Q2,train,200.48105886821315,202.690382284235,199.65504919597092,200.5905303955078,39525700,539.4618726543914,540.7058813321303,536.7947253384327,538.566162109375,44804200,487.223778215148,489.7191008453804,484.5997232276066,487.4515075683594,17495100,149.0714471780808,154.24454949233478,149.06145072732096,154.104736328125,269146500,0.03689013438311366,0.015513917768407248,-0.019976425926747865,1.3448888594617452,0.0013354778186260273,7.137404758081641e-05,1.467445125956664,-0.0031999399499311743,-0.0027822233350804208,2025-06-26
2025-06-26,Q2,train,200.4611428555203,201.66532960796235,198.50063224789568,200.03321838378903,50799100,540.7456895311693,544.0497840014915,538.9245044882573,543.6019287109375,43811400,488.15453290095326,493.1650012559548,487.9861836300842,492.5807800292969,21578900,155.77252682686714,156.51154803915952,153.79516469048193,154.81381225585938,198145700,0.049485710150455595,0.023132304205693854,-0.028221672324169722,1.2576911810207303,-0.001296888533403395,-0.00013149235450325545,1.529363267362468,-0.02402476216744509,0.00039795650093479016,2025-06-27
2025-06-27,Q2,train,200.91894034324127,202.24254507531293,199.03803155248616,200.1128387451172,73188600,544.6369129629151,547.3538082383178,541.9299187322695,545.4629516601562,57577100,492.6797975508017,494.4126679494895,488.2040517426954,491.0855712890625,34539200,155.83244416127852,158.4989061985097,155.05348286000648,157.54017639160156,263234500,0.06707200854445898,0.03363826894816122,-0.06733387051024786,1.13330500808937,0.0014281306078459681,-0.00048645485152056173,1.5671900440815794,-0.02445978474909749,0.02013599010763968,2025-06-30
2025-06-30,Q2,train,201.03834688076608,206.39247448465787,198.3015741024104,204.1831512451172,91912800,548.6177271894713,550.150323841353,546.3785118204822,548.9959106445312,45548700,492.174794746513,495.8583832017286,490.4815111095117,492.5411682128906,28369000,158.18928922556665,158.4489531245615,155.7525477292889,157.77984619140625,194580300,0.070530246536635,0.033058756615585196,-0.041454857821602076,1.2978909186683907,0.005214886683213116,-0.00020325855127826476,2.4637716603238413,-0.009495061462433618,0.012833485893462695,2025-07-01
2025-07-01,Q3,train,205.6759415551798,209.17901505124104,205.1484920031366,206.82041931152344,78788900,547.0950210069877,548.0703649871544,542.0493151839511,544.3681640625,56166700,491.61036068604886,493.1748817381986,486.1741086010328,487.2336120605469,19945400,156.0820975676339,156.99089075003695,151.288494680634,153.09608459472656,213143600,0.05870272973181421,0.032323202913529234,0.017308939273431245,1.4656037261220962,0.006933415053758064,0.0002598778926626059,2.38033614242928,0.01853514520081312,0.02198727406699532,2025-07-02
2025-07-02,Q3,train,207.9051776215516,212.3138626915596,207.13887695509675,211.418197631836,67941800,543.5421378206258,548.3589656247289,543.5023514145969,548.159912109375,36538300,485.1937811955959,488.6694336459704,483.9164299655294,486.2830200195313,16319600,152.77652287552658,157.3903883520798,152.76654166200262,157.0408477783203,171224100,0.0353404399542552,0.025331858377060645,0.045651172649257776,1.5335363439440064,0.006454896973668241,0.00040023869859380967,2.500399567070033,0.03712915014982454,0.005211396822572761,2025-07-03
2025-07-03,Q3,train,211.1295823572572,213.6175577099725,210.7912213537831,212.5228576660156,34955800,550.528547956803,554.5292991491806,550.528547956803,553.553955078125,26443500,488.9764203666982,495.2345653483035,488.6100468852986,493.9571838378906,13984800,158.15934077500395,160.76586971787668,157.56014800239086,159.1280517578125,143716100,0.017860781990717035,0.016126099589508214,0.04710705201573051,1.5881082829531783,-0.0028519479772217225,0.00043118742494608486,2.5682182984471984,0.03943469155186574,-0.01700160364831667,2025-07-07
2025-07-07,Q3,train,211.65703516300363,215.1899632551168,207.7957076824449,208.940170288086,50229000,550.8668816007689,551.682958457329,546.9457644201566,549.384033203125,45349300,492.5114761959092,493.86806132382594,490.3825271883607,492.84814453125,13981600,157.98955517353815,159.09807923203843,157.13069855849747,158.02951049804688,140139000,0.010911417337212926,0.009325548593613653,0.04076415634136599,1.940063055919724,-0.003981871853534097,0.0003303874175318883,3.102169169582532,0.005304883207336797,0.0002857234776246969,2025-07-08
2025-07-08,Q3,train,209.08945658408672,210.4130461204056,207.4473837253886,208.9998779296875,42848900,550.7276203014773,551.3546055319305,548.4585193260065,549.692626953125,36153300,492.37280697303856,493.3234318678901,489.2734398258723,491.7588806152344,11846600,159.11806346268276,160.00687898854957,158.17931139836438,159.78717041015625,138133000,0.009803236839185136,0.007889657241253522,0.018023204902468004,1.8259825194175727,0.006301191424481394,0.00023253819181829024,2.603455642194186,-0.01974107054751706,0.0053663095928850055,2025-07-09
2025-07-09,Q3,train,208.52219391164948,210.31353924447487,206.22330706177223,210.1244506835937,48749400,551.8222657361728,554.957191559505,550.448875446199,553.5838012695312,43045500,495.40288075164045,501.8194631786975,494.8483646402868,498.58148193359375,18659500,161.0055497766517,164.2012901564699,160.9456320255445,162.66334533691406,183656400,0.020509087327905483,0.010412635475572451,-0.026915776203019104,2.1793303582139254,0.004835063720708494,-8.133916047561041e-06,2.8020619769179542,-0.020499519003909894,0.005996992444200174,2025-07-10
2025-07-10,Q3,train,209.49748097232364,212.45319704499605,209.0197939340788,211.3883514404297,44443600,554.2208201829343,554.6288283109999,550.1006487780387,552.7877197265625,34710900,498.12592881176073,499.50233742843255,492.877819466512,496.5713195800781,16492100,164.10143771292147,164.28119097215313,161.3950357038234,163.88172912597656,167704100,0.032016255090194304,0.014986257133549553,-0.032500260850957585,2.4073248494485364,-0.002083018451854166,-6.524742999104752e-05,2.6321829080763255,0.008921030679593267,-0.005902303230973185,2025-07-11
2025-07-11,Q3,train,209.55718962168865,211.1096837700706,208.8505979590809,210.14434814453125,39765800,550.6479296881262,553.1259849885996,549.4039211443059,551.5436401367188,39618600,493.5907782355643,500.0865639242522,492.9273231662245,498.393310546875,16459500,163.50223698698784,167.66668863474402,163.25256951238498,164.7006378173828,193633300,0.038580560868644344,0.01730404005262538,-0.03319193204870852,2.378009128596205,0.0007345884406100924,-5.874771457867323e-05,2.5973446992298204,0.005422019838128289,-0.012101814199194918,2025-07-14
2025-07-14,Q3,train,208.92024318716173,209.8955403849565,206.5417395377396,207.61654663085932,38840100,551.3346156245823,554.2804496744797,548.9859421113066,553.5440063476562,36453300,496.61090454240406,499.0369350196072,496.1257105345073,498.0962219238281,12058800,165.15003478890583,165.2698855378492,161.80449980139463,163.85177612304688,136975800,0.031097587216895883,0.014819693474820417,-0.030080625266944327,2.823838690516566,-0.0016813149187824635,-9.962535434689483e-05,2.0255127322582456,-0.018130786602399418,0.0023461475306278297,2025-07-15
2025-07-15,Q3,train,208.2136890556617,210.87084499335572,207.9151289669034,208.10421752929688,42296300,557.5646843377589,558.112036002509,553.9918647207423,554.0515747070312,43277700,498.0962248562551,503.3245408608939,497.8684955298327,500.8688354492188,14927200,170.96229989605533,172.17068192225182,168.97494134085255,170.4729461669922,230627400,0.0351226140816737,0.019887227280656238,-0.04698560990741141,3.030518903807596,-0.004511691186312951,-8.27366149087813e-05,1.9162998976803256,-0.018903381607087155,0.005008729029390798,2025-07-16
2025-07-16,Q3,train,209.28849593835915,211.37838618562168,207.63647661047767,209.149169921875,47490500,554.6089344039383,557.5248833529374,548.9163193085661,554.6188354492188,52314700,500.2351418346736,501.760076321519,496.97736708309617,500.67083740234375,15154400,170.83247408910898,171.52155877211666,168.67534340451817,171.14205932617188,158831500,0.03754285742861172,0.02422427091274071,-0.03279889639674449,2.746468996004508,-0.0005501038970417812,-4.297313778612976e-05,1.5852494238387589,-0.004663802742913448,-0.0006663876857385205,2025-07-17
2025-07-17,Q3,train,209.5571995447156,210.78127919114968,208.5819022531988,209.0098419189453,48068100,555.3453881761403,559.6148040205102,554.5392729959415,559.1072387695312,40423800,500.7302212088446,508.34495123446135,500.6708109272005,506.6913146972656,17503100,171.7911900263939,173.92834287299638,170.60277047944578,172.76988220214844,160841100,0.042962243081817064,0.025763063697467014,-0.04855930226215266,2.1287038760201074,0.001114360043921384,-0.00015158399371739396,1.4378949412076607,0.004424577070428537,0.005508005572943266,2025-07-18
2025-07-18,Q3,train,209.8557390930104,210.77131219576944,208.69136845628208,210.16424560546875,48974600,560.4208944407413,562.0231629422733,557.2959302535468,558.56982421875,50484700,509.4440336050126,509.60250130270686,502.463054063605,505.0574035644531,21209700,173.40903901870553,174.01822826089457,171.03219980516573,172.18067932128906,146456400,0.0377900279804245,0.022642296870928558,-0.029298883492120176,2.1045110316051208,0.0001880739787271122,-6.445656582192975e-05,1.3716015545158176,0.004323405693170912,0.006137087201690622,2025-07-21
2025-07-21,Q3,train,211.07984586548804,214.74213848423943,210.61210526026528,211.4580078125,51377400,559.3958338406302,563.3467757995568,559.365948479278,561.4658203125,39595200,501.7501372202775,507.0775109565722,500.6014880788464,505.0673522949219,14066800,172.52022673163836,173.1493936504508,170.7725543913757,171.1520538330078,123126100,0.038291398423019894,0.022730995254818163,-0.010772179615073041,2.1488493250044782,0.0008971465718849777,2.1409043866509608e-05,1.5138962821859727,0.000988984187949793,0.008995498287768371,2025-07-22
2025-07-22,Q3,train,212.1148250502387,213.91611676733493,211.20919838168209,213.36875915527344,46404100,561.5952444003194,561.6449925970527,555.9325146805868,558.5598754882812,43270600,505.968437121084,506.1961966744728,500.32421875,500.32421875,13868600,171.1120799535818,171.16201649130318,164.36107758832912,166.8078155517578,193114300,0.019101704210475457,0.02080653827214507,0.03659118233290526,2.596377552561254,0.0004964903664473944,6.725555754629534e-05,1.399935276329178,0.012700155399818946,-0.0011666395960046021,2025-07-23
2025-07-23,Q3,train,213.96589762082587,214.11517007989065,211.38835859165647,213.11997985839844,46989300,559.6447408565938,561.1474524289769,556.8979597699224,561.107666015625,40215300,501.78972599996087,501.8293429250601,495.79895793496456,500.9183349609375,16396600,169.30451898143798,171.03221376466186,167.7465962646817,170.5528564453125,154082200,0.006835901592400129,0.014150292964429757,0.020459759471017025,2.6369365296351432,0.0005715439258661834,2.833525132522005e-05,1.5420595891127542,0.0017185370434900094,-0.0018228061132676719,2025-07-24
2025-07-24,Q3,train,212.87118332406595,214.65258233290425,212.5029677996749,212.7318572998047,46022600,562.4212388074466,563.5259038068097,560.590031519654,562.3018188476562,42275500,503.7900015885669,508.6420329312165,502.3343891638857,505.8793640136719,16107000,172.21065238052367,173.5988030318276,171.07216922217725,173.50892639160156,128984600,-0.004425180593951738,0.009148474273022256,0.01647026476874025,2.5183998154549037,-0.0002769851746655043,4.818379186822472e-05,1.6853992464487164,0.007003120236649729,0.0005611843043211388,2025-07-25
2025-07-25,Q3,train,213.6673206036272,214.2047317845148,212.3735703810196,212.8512725830078,40268800,562.2222340881906,564.9789766749151,561.5654242523398,563.6553344726562,30630800,507.4537883180946,513.216827976129,505.364456023215,508.68170166015625,19125700,173.3790803717594,174.4876045602178,172.72995103806022,173.26922607421875,122316800,0.002986732978327922,0.013223776062199688,0.006036301212506312,3.1394416352301393,0.0001325928010739021,1.1809642761580102e-05,1.7617933949281914,-0.006968779400307712,0.000794555957921764,2025-07-28
2025-07-28,Q3,train,213.00055398053092,213.8166172208377,212.03521828670327,213.0204620361328,37858000,565.0187630549528,566.3125198933016,564.1529379000713,565.4168701171875,31498700,509.0480107678364,509.9589885432546,505.12675096242896,507.48345947265625,14308000,173.78854323017163,176.7645753161742,173.73860668662087,176.51490783691406,140023500,0.010831480283362982,0.01584941200377581,-0.01066983743200467,2.356148423912436,1.824912355572892e-05,1.0958300390151036e-06,1.5974481774691573,-0.0019559139205247433,-0.013072712105562628,2025-07-29
2025-07-29,Q3,train,213.14982178903043,213.7767964509494,209.80599741985404,210.2538299560547,51411700,568.0243008153843,569.3678058353573,563.8145950597007,564.5410766601562,45463300,510.4838436674275,512.5533521818816,506.5526719682665,507.55279541015625,16469200,177.72328828972238,179.14139760883538,174.7871965738649,175.2765350341797,154077500,0.02294550585141708,0.012836765382857407,-0.04720735913050522,2.438563674372891,-6.667735813826095e-05,-8.170248621933106e-05,1.8073404469357457,-0.020771089214174587,-0.010563541577591413,2025-07-30
2025-07-30,Q3,train,210.88077731884883,211.3684259373732,206.720889966108,208.04449462890625,45512500,565.4566306884598,567.88493787487,562.3416283337683,565.2974243164062,43433800,510.12728763864055,510.8996816885534,504.4533945708925,508.2161865234375,26380400,176.27521653092245,179.65072563032518,175.80584046425426,179.03155517578125,174312200,0.03294365887096442,0.01941931242547843,-0.055956140228369367,3.3194644119727243,-0.004552175989340556,-0.00010780364973992897,1.9659309922740345,-0.03026261794523566,-0.007104769929468313,2025-07-31
2025-07-31,Q3,train,207.48719786288635,208.8306954413449,206.1635931537528,206.57162475585932,80698400,571.7861083195327,571.8757036606775,561.1672684870435,562.3018188476562,64613600,549.7952354974353,550.0131135040644,526.6936395202101,528.2779541015625,51617300,182.65671589592668,183.05619299307685,175.69598557745124,177.63340759277344,221685400,0.03933044245011794,0.023914558278678853,-0.06298150767426303,3.443976041296883,-0.024255303249291843,-0.00010643384138321333,1.4641385279184052,-0.034255628960761064,-0.02532144829933624,2025-08-01
2025-08-01,Q3,train,209.8557561748323,212.5527283441607,200.530828701964,201.40660095214844,104434500,556.1514446022372,556.3405363278684,549.0356915374143,551.2251586914062,69400800,529.7632164041114,530.5553736121248,515.7616096000787,518.9797973632812,28977600,173.85844036702034,176.3051785902702,170.66269971388826,173.4889373779297,204529000,0.030705522001786577,0.026050782611042635,-0.0645247511248992,1.7087287123534611,-0.04275661974190106,-0.0002889818487069343,2.1914029898669076,-0.044992087836078,0.004781426286450381,2025-08-04
2025-08-04,Q3,train,203.5263267271778,206.8801277700508,200.70993685491413,202.37191772460932,75109300,556.3704570702163,561.6152173589087,556.2709606680011,561.396240234375,47669800,523.0990575737549,532.9813491761439,522.9604134562841,530.3969116210938,25349000,174.9270158880054,179.96030526461158,174.28786778877773,179.7605743408203,148174600,0.030636102512097762,0.02959502807136354,-0.08175767523086352,1.6726521093398707,-0.02786667637147007,-0.0003835761965268649,2.3481844876727167,-0.021756871474744588,-0.0021169000335703463,2025-08-05
2025-08-05,Q3,train,202.42165671427043,204.35232790405936,201.18763073057525,201.9439697265625,44155100,562.6799876518158,563.8443626007596,557.047083143738,557.5845336914062,48666600,531.9218555369729,532.0406760929504,522.0791498987046,522.5841674804688,19171600,179.38107983649965,180.0202279532499,175.6660266458598,178.02288818359375,156407600,0.02621994425350773,0.030813261116986145,-0.06216502757209286,1.3389815451389813,-0.017787541486821715,-0.00026743565584996,2.211189094279026,0.0011849736648629206,0.049653544584840156,2025-08-06
2025-08-06,Q3,train,204.64097466073488,214.3440795363061,204.601158547166,212.2243194580078,108483100,558.4205125100245,565.0386624956789,557.9428326498341,564.6007690429688,41823700,525.70337986457,526.4955370830186,518.9006307843745,519.8016967773438,21355700,176.09546439011424,179.66070799076476,176.01556896990587,179.1813507080078,137192300,0.026630685807047194,0.030224473394051165,0.008274453748871924,2.2358629628845597,0.02764375207580103,0.00021323162585032136,2.4734904699353986,0.06061196164609495,0.031298648724321844,2025-08-07
2025-08-07,Q3,train,217.82723230897545,219.7877581860688,215.53829184895108,218.97169494628903,90224800,568.9298809926769,570.5719965866228,562.4013265086303,566.5115356445312,44463000,521.6434435727333,522.9208551796034,512.483986539974,515.7418212890625,16079100,181.32851054269395,183.6354356942093,178.5621905082108,180.52957153320312,151878400,0.012497724230416552,0.029678310049313338,0.06374095582359895,3.289027158360731,-0.015717721873894117,0.0005791758348108106,2.762832594963192,0.09041533085626352,0.04148534023996629,2025-08-08
2025-08-08,Q3,train,219.7678474336444,229.88892965735025,218.1954451401473,228.2468719482422,113854000,567.7157577691117,572.0150586353669,567.4172078636645,571.7960815429688,35255500,517.4845698020915,519.524403327164,514.3257923084495,516.9300537109375,15531000,181.3085211979325,183.05619350177665,180.16004168373897,182.4569854736328,123396700,0.012852271939714232,0.030281177670008375,0.10939272261480681,3.696740866400959,-0.06371731651094523,0.001110342525389975,2.8674999097002174,0.10598327601399982,-0.008372346759315669,2025-08-11
2025-08-11,Q3,train,227.08116933177635,228.71513292468896,223.9327956372812,226.3438873291016,61806100,571.9354554685915,574.0353274481827,568.8304148017489,570.104248046875,33112900,517.1875615378566,522.4258201385037,514.6327984158801,516.6627807617188,20194400,181.80785936297343,183.59547178906817,180.01025048518693,181.81784057617188,138323200,0.005044096012742072,0.02651727964089399,0.12567981171165898,3.7250230279678855,-0.030645420232407745,0.0011942251865550242,2.7212247286210274,0.0574195998041751,0.010813812010512562,2025-08-12
2025-08-12,Q3,train,227.1708458950812,229.9505863295972,226.2343181614284,228.8048095703125,55626200,572.4031383383943,577.568264258411,569.7459530883017,577.2697143554688,42143300,518.6233183732385,525.7825288027884,517.5836082950698,524.0595703125,18667000,182.7166509044063,184.234618174838,179.22130626788388,182.9163818359375,145485700,0.012630956387359626,0.024504470947302837,0.1178557062868335,3.5939417777866884,-0.01132688751074468,0.0011546105738682582,2.66699329680364,0.01941816976291233,0.01589729183540452,2025-08-13
2025-08-13,Q3,train,230.2195756343437,234.1351043372746,229.5819165003467,232.47125244140625,69878500,579.9667330931853,580.5240464797514,576.165035771658,577.558349609375,41209300,526.9014833945702,527.4857348349631,514.2861971986356,515.484375,19619200,182.3770937521473,183.7253042235628,179.11145412417423,181.3484649658203,179871700,0.003977505828266415,0.018914700315345635,0.09350904299437152,3.318155149938511,0.00019238242075987874,0.0008797974112634559,2.42154994461547,0.008760386278352073,-0.0023599497851948116,2025-08-14
2025-08-14,Q3,train,233.1985666998313,234.25466305951576,230.0003892485326,231.9232788085937,51916300,575.5083270283026,579.091047893356,575.1400445589929,577.110595703125,45425000,517.445017549053,520.8018496782777,515.0487221853349,517.3657836914062,20269100,179.51090820642335,182.7765629312542,179.22130065055427,181.77789306640625,129554000,0.00887620066905257,0.01284911116590719,0.054115514260161146,3.2049531835663014,0.0016415478456010659,0.00048171830358172905,2.804663284768806,0.005659844725553587,-0.005125246918469978,2025-08-15
2025-08-15,Q3,train,233.1387895567921,233.417757832359,228.4959365092947,230.73765563964844,56038700,577.0209239007323,577.060771050305,572.811218330625,574.57275390625,49480200,517.6530169939211,520.9503786133035,513.9991332111027,515.0784301757812,25213300,181.6380820439347,181.658044469753,177.8031781362909,180.20997619628903,156602200,-0.0003280840055186696,0.006172068349510851,0.018861295807661604,4.903651617883435,0.0019615619911307358,4.307004001060022e-05,2.172958257067488,-0.0016299116291429439,-0.0030271363099408618,2025-08-18
2025-08-18,Q3,train,230.8472538899505,232.26202593201924,229.26310933608104,230.0402374267578,37476200,573.67703945311,575.0006815724842,572.4827790837365,574.3438110351562,29831000,516.4844919382945,517.7024328589179,508.9885829187347,512.0383911132812,23760600,180.359785616326,182.69666946783065,180.3497891649352,181.7678985595703,132008000,-0.0029375820186401834,0.003821075781857264,0.020943272476558694,4.382908084992665,-0.002409661484448138,6.746063503836337e-05,2.2288504236007127,-0.022746861885432512,-0.0014303218810212393,2025-08-19
2025-08-19,Q3,train,230.4287923573085,232.01293684851592,228.50590285589897,229.71144104003903,39402600,573.6272360152775,573.7964041556768,565.5262384524466,566.5513305664062,53752600,509.9589996924715,510.1174069638556,503.5721224631474,504.7801818847656,21481000,182.1873495042791,182.25726371442747,175.25659293377495,175.40638732910156,185229200,-0.020682833806876057,0.00538470726960647,0.042885229463084706,3.4988680315854057,-0.0029046170367854444,0.0002182721958119109,2.147708304168819,-0.004865012926027257,-0.01993186324842062,2025-08-20
2025-08-20,Q3,train,229.13358225147155,229.6217843388592,224.939085159242,225.17819213867188,42263900,565.6059676042936,565.7253875756548,556.1614636230435,563.1876220703125,76781100,504.87920872605446,505.9981527246316,499.5023667236012,500.7698364257813,27723000,174.93701244991922,175.76591033294957,168.57548977611862,175.1667022705078,215142700,-0.03006139578589433,0.0047701554619637545,-5.546501801217962e-05,2.9648627605374815,-0.006145404516761882,-7.87049278215379e-05,1.768207170787859,-0.01852856701229677,-0.004923439602806353,2025-08-21
2025-08-21,Q3,train,225.43723377620464,225.6863136691638,222.95639256938463,224.072265625,30621200,561.6450181787756,563.774775630925,558.2911756152315,560.5802001953125,46436900,499.57962247206007,503.48747238505433,498.6175369804135,500.1251220703125,18443300,174.61742144674352,176.66468235557974,173.57879631630271,174.7472381591797,140040900,-0.042667720273475915,0.007525671912832377,0.0021487829708462525,2.632760779176261,-0.006081306769296153,-5.97096521064151e-05,1.5545989275536494,-0.007646385662126054,0.012636643084641422,2025-08-22
2025-08-22,Q3,train,225.3376083702921,228.2468598588307,224.58041092619504,226.9217529296875,42477800,561.9634564557491,571.238791941298,560.5702032580724,569.2284545898438,51502100,500.135066677745,506.5621975190336,498.3100856343386,503.09075927734375,24324200,172.38040151215634,178.35244288234992,170.97227338198675,177.7532501220703,172789400,-0.03427447610422636,0.010402602476821477,0.0019151897086988612,1.7019083160657504,-0.001967733749389721,-8.108787020037263e-05,1.2008514279439013,0.007670637467511732,-0.002637768568326629,2025-08-25
2025-08-25,Q3,train,225.6464693442017,228.456098045362,225.3973894325087,226.323974609375,30983100,567.6659983001664,570.5420998652211,566.4318908111547,567.5863647460938,34044700,502.4956437530773,504.0429109301173,500.00611695670057,500.1449890136719,21638600,178.11278178635797,181.6680441727565,176.33515059315872,179.57083129882812,163012800,-0.028621113884268513,0.013881096788557822,0.0015025478204264142,1.3433727799851694,0.000410507663958709,-5.1935917015928e-05,1.1569981247735903,0.029052399000306317,0.00942012934873006,2025-08-26
2025-08-26,Q3,train,226.0350268937484,228.6453946309622,223.86305742355088,228.466049194336,54575100,567.0987738406898,570.1739291946637,566.0736815609588,569.8654174804688,34103000,500.2441292309945,500.8590951140394,494.4418926777319,497.9430847167969,30835700,179.82049655621498,182.14739921043056,178.57215920342722,181.5282287597656,168688200,-0.009857325199399303,0.020369659251227846,-0.016099649869398935,1.420219677720496,0.0030994732679396255,-0.000127323385619252,1.394385964931202,0.014883480873584487,0.005132752986617664,2025-08-27
2025-08-27,Q3,train,227.7686378094015,230.050203138926,227.41991984776428,229.6417236328125,31259500,568.8503542214644,571.6567843025553,567.6361701841732,570.7412109375,36927100,497.90339657266526,503.1502356611414,495.82052770461,502.6047058105469,17277900,181.7379436715125,182.24727507184863,178.86178472902657,181.35845947265625,235518900,0.00515886582290972,0.024578087223808297,0.0003162716346657435,1.3501784406384727,0.000935729193695362,6.680636176991101e-05,1.4846692700459174,0.004175942316353876,0.00894069639109968,2025-08-28
2025-08-28,Q3,train,229.9704999102399,232.55096405412047,228.4959359400532,231.7040863037109,38074700,571.3582297430389,575.2295992365423,569.7161747720991,574.3140258789062,46787900,502.9518399416591,506.919197559233,501.3748189208979,505.4810485839844,18015600,180.5794881684096,184.22462699678687,176.17535050737845,179.9303436279297,281787800,0.020071218348163233,0.023239888452215095,0.013874760388449814,1.2958211413796548,0.0052985108617320245,0.00010429813025458436,1.5968227437576807,0.0072081427171521995,-0.0018076304121467212,2025-08-29
2025-08-29,Q3,train,231.6542626563304,232.52107103838583,230.5184589305688,231.2856292724609,39418400,571.9055458127416,572.273828233091,565.8148847062891,567.666015625,56030400,504.5090702372647,505.44140176386463,500.3730863144936,502.5551452636719,20961600,177.87308356836775,177.91302365652732,172.91967451951007,173.94830322265625,243257900,0.011565881819539148,0.030098284984648928,0.030465966971258307,1.2985104488967854,0.0028905829448467816,0.00023992054084771256,1.697165414262167,0.009683796893141805,-0.01047943412120275,2025-09-02
2025-09-02,Q3,train,228.4062708029861,230.00038826150748,226.1346633063032,228.87454223632807,44075600,558.6195355636612,563.2571726003424,556.8580000613789,562.9088745117188,65876800,496.38587753866574,501.87074834041937,492.75574161607386,500.9979248046875,18128000,169.77389508693437,172.15073449446965,166.997593786357,170.5528564453125,231164900,-0.005768738650741523,0.03609714175977119,0.03552665256783055,1.1743720457577231,-0.0011115335723486904,0.00024089622497375083,1.6192893787287825,-0.015193880917989788,0.03738230681500518,2025-09-03
2025-09-03,Q3,train,236.33697373754435,237.9709372370204,233.49745685978084,237.5923309326172,66427800,566.5015849549442,568.9597775003773,564.0135677896833,567.3375854492188,54230200,499.6788070917271,503.6461649084089,498.220801883355,501.22607421875,16345100,170.83246833565184,172.18067877773825,168.6553752976972,170.39305114746094,164424900,-0.024941683846094742,0.03638119151536294,0.06731999830192409,1.4252621825972802,0.0014123637168298225,0.0005217372703000528,1.5242875875633983,0.029272289540795304,0.005478308003059458,2025-09-04
2025-09-04,Q3,train,237.5723998534893,239.0170601981439,235.8687018920251,238.8975067138672,47549400,568.0044307011564,572.8411221194266,566.302665614699,572.472900390625,47526300,500.18467308127,504.00326140342247,499.04406365219614,503.8247375488281,15509500,170.34313981864827,171.6314173426514,169.18467902530818,171.4316864013672,141670100,-0.031193144858018985,0.035530322004913725,0.06645943539292404,1.6616792346424067,-0.0031146192916881297,0.0004220808546226232,1.430037850682873,0.04663425206320293,-0.00037531663988593574,2025-09-05
2025-09-05,Q3,train,239.1167179897741,240.4318672359809,237.61228077870243,238.807861328125,54870400,577.7076484747704,578.3346336864022,568.7906334517568,573.2988891601562,68342500,504.9157608525771,507.7920894589463,488.3520284612672,490.9605712890625,31994800,167.8065026792569,168.80517258283567,163.8517783946414,166.7978515625,224441400,-0.042137639653154,0.03419331836029595,0.08151512012670159,1.3779151974180073,-0.00259123556748998,0.00034724220266855294,1.165108095063199,0.055548148114716867,-0.007580102767017539,2025-09-08
2025-09-08,Q3,train,238.41928864081729,239.2661511981365,235.4701758698508,237.0045166015625,48999500,575.5977945125156,578.0559870759845,575.0006946855148,576.0953979492188,46371400,494.0451377441344,497.1099483047291,490.990285532587,494.1344299316406,16771000,167.32715219255022,170.73262035939155,167.12742125141602,168.0861358642578,163769100,-0.04117632465149388,0.02411159869770003,0.049954730591555974,1.5336768708974593,0.00019708058165629063,0.00010358222905344799,1.435137946416829,-0.010941850261266373,-0.01495057743672432,2025-09-09
2025-09-09,Q3,train,236.1277593274596,237.901207105354,232.5011563745861,233.48751831054688,66313900,576.8915995273586,578.155531799883,574.2742003720782,577.7276000976562,44007600,497.33805669614713,498.1513723235736,493.6385148559322,494.34271240234375,14410500,168.86509051949955,170.7525760297424,166.51822538667548,170.53286743164062,157548400,-0.03343327007568795,0.01555010116765807,0.02685559897268225,1.896016295322054,0.0017563567649485925,-6.253172311950542e-05,1.6996531333114107,-0.04110336660755909,-0.03279133026830906,2025-09-10
2025-09-10,Q3,train,231.3354573908009,231.56460664903227,225.118417424808,225.955322265625,83440800,580.9420329124574,580.971918274203,575.7769069667078,577.9166259765625,49308000,498.8754600894228,499.1234199731124,492.6665349159027,496.2867431640625,21611800,176.4050468150653,179.05151589898875,175.2366048852674,177.09413146972656,226852000,-0.006633128621603368,0.016808665822933323,-0.06371523764488057,2.5496047191841726,0.002070473892387485,-0.0006838583928074896,1.887912412585735,-0.06925626770493676,0.01418531219514127,2025-09-11
2025-09-11,Q3,train,226.04500979013488,229.60186307827533,225.81584532196928,229.18341064453125,50208600,580.4444560297375,582.0766099053841,578.8322257294989,581.2804565429688,44745800,498.15138006137016,499.0638857033828,493.8170463660224,496.9215087890625,18881600,179.45110250300584,180.05034427267074,176.2551819566126,176.94430541992188,151159300,0.007423240125897923,0.022821859103600996,-0.049889547522220135,2.5809541883462876,-0.0035257700974905353,-0.0005677186495761501,2.220158287700114,-0.042178767448488586,0.017410479916919613,2025-09-12
2025-09-12,Q3,train,228.37638560886936,233.6469097348115,228.17712472443904,233.2085418701172,55824200,582.2357922273038,585.0422828265267,581.3002953608963,583.8480224609375,50745900,502.5154742767582,508.367321245748,499.73833579713096,505.7389526367188,23624900,177.5435664999128,178.37251110105626,176.22524055900428,177.593505859375,124911000,0.028724858351671934,0.026095484258885505,-0.0708589321757096,2.7099105008630464,-5.5110609178543065e-05,-0.0004301877310434763,3.2618751244481508,-0.009249499808003714,0.011173214085381583,2025-09-15
2025-09-15,Q3,train,236.1277410783948,237.31336381412063,234.1649902844441,235.828842163086,42699500,585.6195335974215,588.9534523182087,585.4702282697297,588.843994140625,44360300,504.6379958107742,511.26344571936806,502.8625947427051,511.15435791015625,17143800,175.44622258887705,178.62217970015598,174.28769658655634,177.52357482910156,147061600,0.040738865620450995,0.03148007626147335,-0.05025574077015715,2.879539902226663,-0.0030580208216414184,-0.0002750202728659221,3.123174813440596,0.03469643232987951,0.006107245516747499,2025-09-16
2025-09-16,Q3,train,236.3070825366736,240.3322223551857,235.45026224943368,237.2735137939453,63421100,589.7695130089575,590.018314719858,587.6596793599289,588.3463745117188,36942100,512.6619733694059,513.0090929577493,504.449544036503,504.8859558105469,19711900,176.77453647764895,177.27389957504343,174.15787872389456,174.65724182128906,140737800,0.04617193504151289,0.034555243212999055,-0.006541529186210315,5.862615582772867,-0.0029376623952495785,-1.0719540798228568e-05,3.3143863363752293,0.0247057303811431,0.0035210063016859377,2025-09-17
2025-09-17,Q3,train,238.09049720761,239.21634322602875,236.8550554245432,238.1104278564453,46508000,588.2667613743852,588.9136701422223,581.5690385221046,587.1720581054688,69384800,506.4530503919847,507.1175961354426,501.8013209933917,505.8579406738281,15816600,172.42008695754546,172.97937117956877,168.1954794867923,170.0730743408203,211843800,0.023234213337343747,0.032895438399854295,0.06397443017752413,5.1841784628401975,0.0011061392472253588,0.0002048231390263057,2.4348660576725774,0.002111115684517051,-0.0046553503108424064,2025-09-18
2025-09-18,Q3,train,239.08682096339743,240.31228984200703,235.77903252032195,237.0045166015625,44249600,592.058483907603,595.2730433570825,590.1178791327126,592.466552734375,61069300,507.31595138937655,508.883074673213,503.5172196080818,504.30078125,18913700,173.7583871307785,176.87442336525442,172.73969733735942,176.01551818847656,191763300,0.007185511834405411,0.024466081852032785,0.02932549954686625,5.574255413572019,0.0006196491360170735,6.519926291301498e-05,2.3019933233065673,-0.0071704941636041575,0.0315305769896094,2025-09-19
2025-09-19,Q3,train,240.3421770415445,245.3935247988757,239.32594197772087,244.59646606445312,163741300,594.4668964152456,597.173829761915,592.9939490424024,596.4771728515625,58196100,506.3935176630352,515.0621842649809,506.1455578149837,513.703369140625,52474100,175.54609885389235,177.8531538116004,174.95683884616588,176.4449462890625,237182100,-0.00016589552549735044,0.022241801467750233,0.04419114205922664,5.052522376446296,0.015657012905554372,0.00013955815996828988,2.3013231178109246,0.025169591464367924,0.042192888031361925,2025-09-22
2025-09-22,Q3,train,247.38616206443075,255.6954791611581,247.2068166293636,255.13751220703125,105517400,595.56457167487,600.6759063866804,595.5446250028239,600.0083618164062,57154800,511.3825425873763,513.5149611406991,508.35738375283694,510.2518310546875,20009300,175.07671637070237,184.31493427279133,174.4874715349329,183.37612915039065,269637000,0.0107387049714317,0.030641973012804934,0.06627473131445494,6.451040536243284,0.051957177270308054,0.00033791488595867207,2.641035888922986,0.06535720860270833,-0.0064640612933677165,2025-09-23
