Date,Quarter,Split,AAPL_Open,AAPL_High,AAPL_Low,AAPL_Close,AAPL_Volume,QQQ_Open,QQQ_High,QQQ_Low,QQQ_Close,QQQ_Volume,MSFT_Open,MSFT_High,MSFT_Low,MSFT_Close,MSFT_Volume,NVDA_Open,NVDA_High,NVDA_Low,NVDA_Close,NVDA_Volume,factor_rel_mom_aapl_qqq_5d,factor_rel_mom_aapl_peers_5d,factor_peer_confirmation_5d,factor_peer_disagreement_5d,factor_rel_vol_aapl_qqq_10d,factor_volume_confirmed_mom_5d_20d,factor_market_aligned_mom_5d_20d,factor_close_pressure_5d,target_next_day_up,target_date
2025-01-02,Q1,train,247.1365264348607,247.3053149666319,240.0777664039773,242.0931396484375,55740700,510.499434346488,512.8221689652438,501.9729160194123,506.4595336914063,36389800,419.7509810335182,420.2836558558519,409.2160306987592,412.8953552246094,16896500,135.79720670711552,138.67291713644488,134.4292544268475,138.103759765625,198247200,-0.018347905550472166,-0.025150871586738732,-0.030426086747685932,0.03360972265782214,1.0178022296399405,-0.009872153609122993,0.0006255042363381509,-0.2589036582530708,0,2025-01-03
2025-01-03,Q1,train,241.60665893554688,242.4207431843357,240.14724866814672,241.60665893554688,40244100,509.55653114882335,515.8100252164201,508.7426439244086,514.7479248046875,29059500,415.3613950253171,418.27134378737713,413.8423310893823,417.6005859375,16662900,139.80120658589456,144.6839138332244,139.5216253508109,144.2545623779297,229322500,-0.03965080163131207,-0.05983598880622443,-0.000622573885197375,0.0661350173052615,1.2290429789535984,0.008828819398001411,0.0004441079471279432,-0.32610901550621263,1,2025-01-06
2025-01-06,Q1,train,242.549801627174,245.54804748087852,241.4477983095151,243.23483276367188,45045600,520.1476411928097,524.018784806924,518.1723564940825,520.6637573242188,36109700,422.1874160873605,428.4215926337743,419.7016505493917,422.0394592285156,20573600,148.36840963752263,151.93309314343088,147.599568879649,149.2071533203125,265377400,-0.045222578153092496,-0.08364623832165125,0.042212746855227745,0.09687532219943018,1.1904817148258815,0.0020385319115568535,-0.0002839289721764525,-0.21326282168910055,0,2025-01-07
2025-01-07,Q1,train,241.22940732447117,243.78089861816605,239.6111612224788,240.4649658203125,40856000,521.7059999662438,522.1030076792526,509.4869713360559,511.3728942871094,36690300,423.1738758487943,424.8014616583564,415.085225621156,416.6339111328125,18139100,152.80179213743568,152.90164910642062,139.80120400217487,139.93101501464844,351782200,-0.03877724316318576,-0.04635310140391952,0.006741841869040643,0.025064707428101296,0.9107711780295272,0.0055948558263335365,0.0007876799821890298,-0.24774726243584394,1,2025-01-08
2025-01-08,Q1,train,240.17700647488417,241.95411831821167,238.32048434869316,240.95138549804688,37628900,511.2736514045927,513.1000201476976,506.7969699488272,511.4622497558594,30777800,417.709061289588,421.171402275518,415.81515330470927,418.7941284179688,15054600,142.36737985085435,143.73533196712347,137.3548616440079,139.90106201171875,227349900,-0.03873082751341439,-0.05612782185729459,0.025299477542443438,0.03607943098728872,0.9427188394503762,0.006264194676285249,0.0003705670682980635,-0.10018930044427843,0,2025-01-10
2025-01-10,Q1,train,238.28077607985776,238.42970445265777,231.3212870184269,235.1435546875,61710900,507.700292461824,507.799529251394,500.1961615298894,503.4419860839844,40532500,418.8631684887605,418.9420687753876,409.3836648034606,413.2603149414063,20201100,137.24503329388114,139.71135128077043,134.01985409411645,135.70733642578125,207602500,-0.02274812308569507,-0.020472026953118783,-0.008234217969928403,0.01823624326526696,0.9695153388063243,-0.007845972063038378,0.0006943331928726769,-0.04889699372520064,0,2025-01-13
2025-01-13,Q1,train,231.8474698930612,232.9792558543989,228.06492247356016,232.7111968994141,49630700,497.4962392396563,502.28059733248006,496.0073239549711,501.8240051269531,31694200,409.6007014640922,412.8164377086338,406.690782868284,411.5242309570313,17604800,129.79615256902926,133.29093305056014,129.31685741876072,133.03131103515625,204808900,-0.011710671776786752,0.009358222429695529,-0.046176173041337476,0.06325106995861263,0.906956398531954,-0.0007145403361094435,0.0016358474306016227,-0.013745654187657969,0,2025-01-14
2025-01-14,Q1,train,233.05869925952223,234.41882398797216,230.79512716232853,231.5992889404297,39435300,504.9804910575475,506.39001083545065,497.8833343601906,501.3475341796875,33737200,412.1357932076061,414.0395749911103,405.14208486737954,410.0248718261719,16935900,135.84710238324766,136.1766120600162,129.85605059334506,131.56349182128906,195590500,-0.010737440091826644,0.02552201189909975,-0.07335867941516783,0.0897815101099042,0.9418001486501084,0.009352326389357837,0.0018721816504643964,-0.12770792327986724,1,2025-01-15
2025-01-15,Q1,train,232.94949481929564,237.2383779015073,232.74100113522096,236.15621948242188,39832000,509.2387301124164,514.0230569301199,507.6802948725127,512.881591796875,34957600,413.4379027909623,422.3353935398116,412.5895665870108,420.5203857421875,19637800,133.45068552943664,136.2465130176968,131.09420431967888,136.03683471679688,185217300,-0.020868683785696618,-0.008667888379244204,-0.00925050702273017,0.03715755882266192,1.033928809443336,0.003456622281158691,0.00043896743753434075,0.0515624728343599,0,2025-01-16
2025-01-16,Q1,train,235.63995285298608,236.29518618874627,226.38709407905125,226.6154327392578,71759100,515.1448467748171,515.224272558158,509.1594384871324,509.2884826660156,28229000,422.8778842735224,423.6571336957602,418.6264203199314,418.8138122558594,15300000,138.4332346192246,138.54307117698642,133.2909213149963,133.3708038330078,209235600,-0.055247180241898786,-0.03618193936026054,-0.023315343584000725,0.04672468962197518,1.3359999584208566,-0.025288850851227705,0.0026823464794883413,-0.17322500767359472,1,2025-01-17
2025-01-17,Q1,train,230.44764042021455,230.6164138035219,226.833866130533,228.32305908203125,68488300,518.9861821179226,520.1971979799845,509.3181691473964,517.8843994140625,51837900,428.1947089431654,428.57942688248704,422.3551241092644,423.2034301757813,26197500,136.48614039423094,138.29343848833506,135.2579791055137,137.50462341308594,201188800,-0.05769301061814747,-0.047657676730030185,0.018652009895857247,0.010816328932235608,1.217287166972604,-0.009784742823472008,0.0007155988360161853,-0.19729321827419918,0,2025-01-21
2025-01-21,Q1,train,222.38612124582832,222.803093405302,217.79941234276583,221.03591918945312,98070400,520.6042324328826,522.0832120911833,516.2169118563148,520.921875,23628000,424.3575582513444,425.0480336398343,419.82002384260585,422.6806335449219,26085700,138.95245710585658,141.61847317570314,136.88553704004724,140.61996459960938,197749000,-0.08822758224697747,-0.09224770912319213,0.04207703463258128,0.029934163127701252,1.4253778539523965,-0.04218139169989833,-0.0008914073696211128,-0.2864129078924147,1,2025-01-22
2025-01-22,Q1,train,218.2064751614249,222.5052806842356,218.2064751614249,222.2173767089844,64126500,525.6565483001042,529.8751413083515,525.3488415863966,527.5822143554688,33593000,431.6175824572203,441.1957044539868,430.0787709144918,440.1402587890625,27803800,144.44426793757484,147.56958971587568,143.45573886876412,146.85067749023438,237651400,-0.09283757646192414,-0.13533122829898903,0.09482198375697126,0.04274855198091654,1.4039504380205117,-0.00810126218478373,-0.0014336707541842794,-0.01925936450185537,0,2025-01-23
2025-01-23,Q1,train,223.1208199792776,225.394314538592,220.69839703644928,222.0485992431641,60234800,525.1304247166951,528.8229657869698,524.5448186856646,528.703857421875,23096600,435.9973147591307,440.6828062638951,435.5041051270503,440.6433410644531,18389300,144.8337106624021,147.01045262591376,143.5056920734559,147.00047302246094,155915500,-0.09058825177820307,-0.1239613420783997,0.06422283394095951,0.032740650933691606,1.6368673854957008,-0.013582666390282265,-0.0017091274694505303,-0.2075296710827284,0,2025-01-24
2025-01-24,Q1,train,223.1605018815617,224.00438385368136,219.81478693461756,221.17491149902344,54697900,529.0810884811151,529.8453571094432,524.2470818339253,525.7161254882812,19878300,439.1143639891968,440.5841189283991,435.4054182545328,438.029296875,15549500,148.14874363197046,148.74785499769604,141.66843136501245,142.40731811523438,234657600,-0.05626379193229958,-0.08082550054445925,0.05681777444005842,0.021874083251081533,1.5715565431039686,-0.002377976080390524,-0.00031038627211287407,-0.12015173448115597,1,2025-01-27
2025-01-27,Q1,train,222.40601266103107,230.47742834163907,222.36629236472388,228.2039337158203,94863400,507.2238554261772,514.1621916220109,506.3801306258622,510.41015625,60771700,418.2516146753107,429.2896479328885,417.74853125025015,428.6583251953125,35647800,124.6138830305536,128.20850504229963,116.52595684106744,118.24339294433594,818830900,0.013910521255111163,0.06307197560719247,-0.06359371601611075,0.1529665001142806,1.473703920945782,-0.00040598764660396407,1.5505596215846463e-05,0.13514626216464104,1,2025-01-28
2025-01-28,Q1,train,229.1867945454765,238.4594987479956,229.147074251248,236.54339599609372,75707600,511.4125906777684,519.135127001106,507.9980395084438,517.9539184570312,33194200,428.6977608632086,442.2906153004339,425.5214900534852,441.1266479492188,23491700,121.62835222502514,128.80763280108368,116.07664583818588,128.7976531982422,579666400,0.07585568346959803,0.09037429176124817,-0.020216116277792462,0.12771332821210757,1.630687324551121,0.025075718059506143,-0.0010319621227869139,0.34711001834360233,1,2025-01-29
2025-01-29,Q1,train,232.43322998057815,238.1318804363608,232.32402189200357,237.63548278808597,45486100,518.5990994614392,518.7281436223639,513.0801896776674,516.9811401367188,26649000,440.6235877197962,440.81100977301065,434.41900262341227,436.3227844238281,23581400,126.31135328562937,126.70077107762197,119.8709750783515,123.5155258178711,467120600,0.0894766816679653,0.15317161834986065,-0.08378862811101412,0.15023062960015443,1.6203960697335398,-0.012955822224228265,-0.00022970217884192126,0.3396499217756445,0,2025-01-30
2025-01-30,Q1,train,236.95044029141235,239.05516137192973,235.500967711044,235.8782196044922,55658300,519.8398489654351,522.2121410225601,514.380493502768,519.1846923828125,27431300,413.0827588425547,417.1172097708342,407.5489615626973,409.3540954589844,54586300,122.9164122570478,124.81358019968631,117.92386904906036,124.46410369873048,392925500,0.08028667296089953,0.17444007256310418,-0.11215811983534413,0.0823000433978297,1.7766197012128073,-0.0013964547203881659,0.0008986894453007424,0.32498047826386933,0,2025-01-31
2025-01-31,Q1,train,245.40904807772532,245.40904807772532,231.7581140684966,234.29966735839844,100959800,523.0260873773669,527.5921301044531,517.338450995146,518.4302978515625,38755200,413.2899333042713,414.976701732093,409.27519987674,409.4231567382813,34161900,123.59540412169352,127.6593341751579,119.01225290264884,119.89093780517578,388161100,0.0731999325568573,0.17105055812411457,-0.11170948833269317,0.09280606862110086,1.4830200399098408,0.04049529656152383,0.001283780121317914,0.2570035088280971,0,2025-02-03
2025-02-03,Q1,train,228.3329787245057,230.15971829856625,224.0738787357251,226.3672332763672,73063300,509.6754636986273,517.0009308639123,507.2733642921369,514.2811889648438,40580800,406.0101743775102,409.7684293585694,403.1100993381394,405.3394165039063,25679100,114.57888277703152,118.39318602096668,112.84147962875149,116.4860382080078,371235700,-0.01563266555910303,0.026582464350736024,-0.03463096907870594,0.0395375756781412,1.837047216705116,-0.0016114673211419836,-0.00012429942623445645,0.049440876880067264,1,2025-02-04
2025-02-04,Q1,train,225.61271003037928,231.45035067549784,225.0170268486458,231.1227264404297,45067300,514.7974890430145,521.2295844539116,514.4004206860424,520.5942993164062,26046800,407.0853452090854,408.2986516716073,404.1753965052981,406.7696838378906,20532100,116.78557092036436,121.01924546805154,116.52595653802958,118.47305297851562,256550000,-0.028013887564449114,0.05610681682851998,-0.07902299055147416,0.0022768192486263272,1.6060173866511636,0.006017682048263285,-0.00026027600599037794,0.06274157084909704,0,2025-02-05
2025-02-05,Q1,train,226.88348940722173,230.9936609938165,226.62536810475493,230.79510498046875,39620300,517.9638671852232,523.11551659981,516.7727228160936,522.9566650390625,21134100,406.749979083578,408.2098602907994,404.8264495269334,407.6772155761719,16316700,121.57842315704724,124.8135892575584,120.57991444298676,124.6438446044922,262230800,-0.0403436670515771,-0.0005265674178738244,-0.028258602740057537,0.07478727766982285,1.6992311749120992,0.01004114875055843,-0.00012676461113292378,0.06268753930468421,1,2025-02-06
2025-02-06,Q1,train,229.62360070928509,232.11552641696264,228.76979621063217,231.53970336914065,29925300,523.4628423892975,525.8947492260023,521.8548188906348,525.686279296875,19434500,408.3775613386283,412.5205341470821,408.3775613386283,410.1728515625,16309800,127.22995239056334,128.57794497214795,125.02324949979864,128.48806762695312,251483600,-0.030915720586595863,-0.0355582515428039,0.01716521702428786,0.030330199959809123,1.6776060651681337,0.009264800644681962,-0.0005148231114761009,0.2375632410141893,0,2025-02-07
2025-02-07,Q1,train,230.9241838961893,232.31409120281864,225.6226456863809,225.989990234375,39707200,526.2223405922623,528.1678176426686,518.3310780658987,519.0556640625,29605500,410.8238533335017,412.96436600470287,402.5576561425311,404.1852416992188,22886800,129.0273069895586,130.17558600299384,124.81359867926386,129.64637756347656,228186300,-0.036672290499901394,-0.06975396281290042,0.03428794095418192,0.09416268594158461,1.7497417814825507,0.01215137702322598,-0.0005265456011859613,0.25284925205512954,1,2025-02-10
2025-02-10,Q1,train,228.1666073624245,229.1803610121675,225.81108525741095,226.25833129882807,33115600,523.3239005134812,526.4407109622551,522.8574028177311,525.3389282226562,20852800,408.0914590052598,409.8176925215145,405.33937124502273,406.6217041015625,20817900,129.89598286165247,134.79866384787866,129.76618710141213,133.3708038330078,216989100,-0.02198243429242097,-0.07453832192010112,0.07405723649107099,0.14178749097424337,2.2368593904166008,0.00021093504640084862,-2.0924555548439464e-05,0.20417473643234088,1,2025-02-11
2025-02-11,Q1,train,226.80497424991785,233.79199753404615,226.7354100570617,231.1979522705078,53718400,522.0732896066455,526.0039872775455,521.9442454321847,524.0882568359375,19325500,404.0767828884028,406.88805357704496,403.741373863551,405.8523254394531,18140600,132.38230132778313,134.27946199343057,130.8246300046561,132.6019744873047,178902400,-0.006385998617197686,-0.05817616828015343,0.05850164830211707,0.12151375269222064,2.1626573605586334,-3.002212771713891e-05,1.4440459326793318e-05,0.1573857875883964,1,2025-02-12
2025-02-12,Q1,train,229.78663009476247,235.51142789245532,229.26980470124647,235.4219665527344,45243300,518.4402741025981,525.2793726405877,518.0928847804781,524.3959350585938,25009400,401.6797299133385,405.1716621007933,398.87830316572246,403.4848937988281,19121700,129.8261026458349,132.04279313100764,128.88750205027108,130.94442749023438,160278600,0.017295307358661915,-8.514152548511067e-05,0.020132627249487833,0.06083212268374161,2.3175940305740776,-0.0047951495705997466,0.0009216410894231275,0.15886730554366635,1,2025-02-13
2025-02-13,Q1,train,235.4617298072221,240.85852795215615,234.1299251101732,240.0534820556641,53614100,526.0635838146525,532.2574623508953,525.2794434932922,531.9398803710938,28714800,401.4726062482461,405.4182829681306,400.8412835235649,404.9645385742188,23891700,131.36380821970238,136.29644386397356,130.9743904181038,135.08824157714844,197430000,0.024874204952989087,0.017435204396950843,0.019335071122276337,0.06406584051390818,2.163287152649678,-0.003998918402058368,0.0013663553791115634,0.1808116955995992,1,2025-02-14
2025-02-14,Q1,train,239.77522427175464,244.04894114679905,239.51681912694212,243.1047515869141,40896200,532.0489565555039,534.8580601398642,531.7114424599516,534.1731567382812,17862600,402.25191655873215,403.35670130819824,400.3678521686821,402.8832092285156,22758500,136.27645326854343,139.042326433892,135.29791907929888,138.64292907714844,195479600,0.04660739361652988,0.042646572911235414,0.033085813885141424,0.07261437894659672,2.1883712752850566,-0.02289161760619202,0.0037004091517586334,0.4752195273589136,0,2025-02-18
2025-02-18,Q1,train,242.65747382373945,243.6811760890431,240.3615975750387,242.97552490234372,48822500,535.7414804029439,536.0095045421328,532.078746365208,535.3841552734375,20565000,402.4590098668831,405.0237056562673,400.9793811541372,404.0767517089844,21423100,141.05932980350207,143.226091877041,137.72429913092634,139.19210815429688,219176600,0.05476400635939349,0.055191055531608635,0.018694372278059923,0.049906287849590836,1.803418050731022,-0.01129169850714324,0.0024966516653090157,0.6076568124661794,1,2025-02-19
2025-02-19,Q1,train,243.16435439309652,244.5060925083624,241.6735241546838,243.37306213378903,32204200,534.5901501639886,536.8135875991883,532.4957569178074,535.5331420898438,19666900,402.34067225656025,409.8473079963777,402.1137850010984,409.1370849609375,24114200,139.3019353271886,141.14918241151278,137.01535723812603,139.02235412597656,167536000,0.030823270237818612,0.02440501810935125,0.028255958096164657,0.04032494711224488,1.815767851015012,-0.021449887291924867,0.0014770805863176721,0.49788595104293687,1,2025-02-20
2025-02-20,Q1,train,243.442620363674,245.2713683243621,242.79658488378956,244.32717895507807,32316900,534.7488640035847,535.1161249242239,528.52523935916,533.2599487304688,26550800,410.47144681938056,414.4447923675228,407.75335474991726,411.30169677734375,23508700,139.8211794831435,140.45024487315197,136.5860056380014,139.90106201171875,143903600,0.020923314847593355,-0.0060601486057070275,0.04388674793601588,0.04902704910957656,1.7242935833337116,-0.014650708629377587,0.0004070823038821058,0.3887989016419511,0,2025-02-21
2025-02-21,Q1,train,244.44645306890683,247.1697083342209,243.72091995824803,244.0489044189453,53197400,534.4015384269126,534.4214100198424,521.8251828832033,522.1924438476562,47093800,412.4976109270871,413.19936436928833,403.1572771359109,403.4735412597656,27524800,139.83115735009994,141.24905316966826,133.83012530319377,134.22952270507812,228217600,0.03496820410292434,0.02166314559593341,-0.005019261370355799,0.0026749282901821214,1.3001381994414427,0.0002551320253785754,-0.00020498283141459045,0.22925993885975599,1,2025-02-24
2025-02-24,Q1,train,243.43269920852308,247.33868242018207,242.92582237394555,245.5894470214844,51326400,523.979014688761,525.1602231091551,515.6907447415672,516.0281982421875,39268400,403.7700579395831,404.620064859675,394.68668732557927,399.3123779296875,26443700,136.35634186179794,138.383313247837,129.88600993089565,130.08570861816406,251381100,0.044188986540783404,0.04551291937281998,-0.03529224117401475,0.05285809804094477,0.8605020412009105,-0.00017599103526505692,-0.00018834725053144463,0.18007806678662294,0,2025-02-25
2025-02-25,Q1,train,246.48393846255715,248.47171215983585,243.41283173998391,245.52980041503903,48013300,515.4028460127145,515.4822717823216,505.6752793876824,509.526611328125,48940000,396.4460859350655,397.25657880262406,392.09714469384,393.283203125,29387400,129.78614928447132,130.0058224050398,124.25441810041912,126.44114685058594,271428700,0.05880965887215939,0.06967175910997725,-0.05915927842402369,0.06489529733937927,0.9100083397206898,-0.00039406122049463386,-1.81976177641611e-05,0.12319461799724336,0,2025-02-26
2025-02-26,Q1,train,242.83637220684057,243.48239258336395,237.66816369812489,238.89064025878903,44433600,511.72034015672153,515.8197643424149,507.591048002011,510.7574768066406,34457600,393.3919661639477,398.917102708898,389.6755831630129,395.0920104980469,19619000,129.79615892181477,133.53057192522448,128.29839578499454,131.084228515625,322553800,0.02784564710251769,0.027296177233452845,-0.04571408197484067,0.022771105085258925,1.3030697593454434,0.0014811765977784403,0.0002558980095926161,-0.027268421675708598,0,2025-02-27
2025-02-27,Q1,train,237.94645181292125,240.9778097055873,235.61081167459412,235.84934997558597,41153600,514.3011233717788,515.2341793751592,496.3547141457957,496.5730895996094,52448000,396.61410618114576,401.0322425664148,387.6197164134029,387.97552490234375,21127400,134.7986697104659,134.8086493121392,119.83102696232622,119.97081756591795,443175800,0.03409865374014642,0.0648876319426539,-0.09958630531885992,0.0857465194848428,1.0117281371053282,0.005012795623535814,0.0013697448994851045,-0.17690219698251083,1,2025-02-28
2025-02-28,Q1,train,235.5014815283524,240.61005923211764,228.7927454203557,240.3615875244141,56833400,496.4341995419912,505.02027267121787,493.2578344308949,504.414794921875,47654000,388.104042520749,393.016377739764,382.0847072800103,392.3837890625,32845700,117.84399213493025,124.90344826210318,116.2264129341289,124.73370361328124,389091100,0.01893532150427102,0.03400549750275483,-0.04911442373747954,0.04325745003144843,0.9856304104365661,-0.0027204556612607602,0.00042982255545240673,-0.07159381292772779,0,2025-03-03
2025-03-03,Q1,train,240.3118838035197,242.5381957053339,234.66661403302143,236.5748748779297,47184000,507.7399630206097,509.2487196326077,489.9325334541656,493.37689208984375,44587200,394.1925506012372,394.1925506012372,381.6794393165997,383.9823913574219,23007700,123.32581202011416,123.51552349340125,112.11255593535712,113.88990020751952,411381400,0.0071896201954317895,0.04474014937071641,-0.08144601052592354,0.08611009582455054,0.9542150169507055,-0.0013812762420992212,0.0017738292633854064,-0.2642914899647847,0,2025-03-04
2025-03-04,Q1,train,236.25684921580157,238.6024227827577,233.2453581153048,234.4877166748047,53798100,490.5280988504062,500.0174498903787,484.1356867718227,491.8879699707031,67875400,378.9514422192701,388.0249203607145,376.5792952112664,384.1009826660156,29342900,110.48499132597254,119.13207287466712,109.9457957033308,115.81702423095705,398163300,-0.010354774890243612,0.008713448521730116,-0.05368592730666383,0.060676646752818475,0.9875447185764895,-0.009385150962650654,0.0019582255539375903,-0.292618756278087,0,2025-03-05
2025-03-05,Q1,train,233.98082285378285,235.1039197629907,227.82866128733943,234.2988739013672,47227600,492.5331995401363,499.90828614862966,487.6297026672125,498.3002624511719,46323700,384.822533208354,397.0094866568717,384.29868393839774,396.3670043945313,23433100,117.40464986998916,118.10360288358513,114.33922859376143,117.12506866455078,284337900,0.005168479127353409,0.032410254263822325,-0.05163146088978138,0.1097170836588538,0.8829868783235302,-0.0011243984360858699,0.0008231328880783104,-0.1481486456394946,0,2025-03-06
2025-03-06,Q1,train,233.00684447444675,236.4059358119138,231.73467047090972,233.8914031982422,45170400,490.0417668831769,494.895615354215,482.60712565033873,484.5923461914063,57574300,389.70521049036057,397.4838909032578,388.12376908504734,392.2849426269531,23304600,113.36069823382532,115.17798387118098,110.0556366780344,110.40511322021484,321181900,0.015825163898956385,0.026011388829437265,-0.03431307283893931,0.0908410404225618,0.7957845669160823,-5.091117789459415e-05,0.0006090149980003325,-0.03212826833556084,1,2025-03-07
2025-03-07,Q1,train,233.6727221740344,239.8944479764648,233.3248557337566,237.6085205078125,46273600,483.5599718062666,489.6347411717219,476.9789615630039,488.15576171875,54714700,387.76795648683793,390.2191619837315,381.0666253730808,388.7464599609375,22034100,111.08408724577036,113.31076488585998,107.3995878917184,112.52194213867188,341755500,0.02077960216968555,0.042132386932442256,-0.053586242953932994,0.08863283568300351,0.8773432694539501,-0.00014059337288821138,0.0008177294361322065,0.00543639171743322,0,2025-03-10
2025-03-10,Q1,train,234.10009611136832,234.71631625547707,222.84930513729452,226.08937072753903,72071200,479.87744712390025,480.39359355913183,465.19673274957023,469.2366638183594,76668000,381.3631114017718,381.9166113327009,372.8431337183802,375.7490234375,32840100,109.73609301585864,111.6831816739289,105.30271254146378,106.82044982910156,366487400,0.004606437435412558,-0.0025647789858571635,-0.04175735858602603,0.04063062610310508,1.0373025851566,-0.02316789144249855,0.00425404197544525,-0.034622536806897995,0,2025-03-11
2025-03-11,Q1,train,222.4418202229124,224.45940937640347,216.1206990584521,219.48997497558597,76137400,468.85944790641054,475.2717015064333,463.55891291656457,468.114990234375,68760800,374.6024872406928,381.5212666884101,372.5367409966354,376.0356750488281,30380200,106.83043665954976,112.0726069900584,104.61374627233778,108.5978012084961,354865700,-0.015629535422097884,-0.02229416123624539,-0.04166544360744062,0.041335120574521156,1.0762675612162242,-0.034454761370012424,0.006966969825961237,-0.039372561912297856,0,2025-03-12
2025-03-12,Q1,train,218.7942505386503,220.39440897367027,213.5962265598192,215.653564453125,62547500,475.6191281711679,477.50508157643935,468.3035955192933,473.3956909179688,46971100,378.5066728711865,380.7503233781215,374.55308456142495,378.8229370117188,24253600,113.96030532134075,116.59661034457648,112.72203506897392,115.57803344726562,323857500,-0.029600122412008822,-0.050843876427415724,-0.02873529157187782,0.031053775283161666,1.0055602076767622,-0.02012346566288426,0.007697314654321923,-0.14051374004542316,0,2025-03-13
2025-03-13,Q1,train,214.62986833256545,215.5144270476188,207.14590135231947,208.398193359375,61368300,472.7305781456632,472.76035523811606,462.98313932199375,464.8790283203125,46563300,378.71423026442886,380.8491715851453,373.0704913614682,374.3751525878906,20473000,116.86621875800482,117.59520049683546,113.63075517539951,115.41825103759766,299033100,-0.06831571609711928,-0.1088717752499011,-0.00012414974037999738,0.09106180749978754,1.1240390611820708,-0.022858254557984913,0.012370615156989005,-0.32731732934992247,1,2025-03-14
2025-03-14,Q1,train,209.9585940343847,212.6420854575803,208.2988048386841,212.18490600585935,60107600,470.2292461988736,477.00876061202655,469.62373821824536,476.1154174804688,43563000,375.3734493768336,385.7022111357248,375.10659301872727,384.0515747070313,19952800,118.44401014075396,121.7094305400334,117.98465480860956,121.49972534179688,277593500,-0.0823329436187834,-0.14085289270859075,0.03385498519408631,0.09186394084170646,1.0482886127890205,-0.018973951110117463,0.011228901869983878,-0.34461844988981893,1,2025-03-17
2025-03-17,Q1,train,212.0059881512876,213.904315554563,208.6864099217596,212.6917724609375,48073400,476.0657408601252,482.2497130174167,474.2691189068619,479.202392578125,41744400,382.2131473268013,388.1533930243756,381.09625384575537,384.18994140625,22474300,122.5682312033008,122.71802281178024,117.86482345684048,119.36272430419922,255501500,-0.08049614648965231,-0.1291973695662917,0.06993939461820353,0.09495030004684568,1.0998770961820616,0.0038492023673406856,0.006098127778209933,-0.18332433588890124,0,2025-03-18
2025-03-18,Q1,train,212.85081593904235,213.83475423543345,210.19713981325924,211.38980102539065,42432400,475.867271104116,476.0657749736721,468.91899953639006,471.03326416015625,39072300,382.5788655792479,382.8753726383068,376.6781337960948,379.0700378417969,19486900,117.83485847417,118.85342762738914,114.37970167383446,115.2684555053711,299686900,-0.04313862439873051,-0.0716518603861579,0.034747332281417354,0.053355968187418945,1.0737855370989553,0.006255869496077729,0.004435766815777879,-0.19285392199035004,1,2025-03-19
2025-03-19,Q1,train,212.91044076829724,217.4226803637017,212.443312738742,213.92420959472656,54385400,473.28646764378425,481.74349565345614,471.3608014299573,477.3363342285156,40430300,381.0567221702146,385.158563988563,379.54447585576617,383.3201599121094,19185500,117.10587965509885,120.2814296141779,115.51810848491796,117.35552978515624,273426200,-0.016343340253777483,-0.02164451311903237,0.01362537899164662,0.0035076185848914587,1.1195841702593108,-0.0003353161496652371,0.0008714456143731883,-0.059737326545736824,0,2025-03-20
2025-03-20,Q1,train,212.6818553101102,216.16045933121796,210.92267131595003,212.7911834716797,48862900,473.3559666184429,480.969270043224,472.6611273475336,475.7183837890625,36780500,381.2642891356356,387.2441097112173,378.8328407062668,382.3515319824219,18470500,116.38688818380663,120.0317738155389,116.30699831746894,118.3641128540039,248829700,-0.0022367179469060527,-0.0023348143151403766,0.023414604122766636,0.004217515993021115,1.219168993438481,-0.001656405132647087,-0.002274620655562867,0.09336851654862546,1,2025-03-21
2025-03-21,Q1,train,210.26669685360037,217.5021918152461,209.9884097524224,216.9356842041016,94127800,470.5766275228687,478.0509810732746,469.4152905592447,477.2866821289063,42234900,378.7735245117788,387.194656647968,378.3583844724842,386.7202453613281,39675900,116.77634740953133,117.82487338576216,115.25847035053428,117.5352783203125,266498500,0.01992975925755136,0.03523007151371532,-0.012840268734289284,0.03957799723727018,1.2562398837639575,0.01587528116554273,-0.0019254034798635168,0.16836445058053173,1,2025-03-24
2025-03-24,Q1,train,219.64899945464327,220.1260609084734,217.2437950361324,219.38064575195312,44299500,484.8576491349716,488.60538941404207,481.5373907904982,487.7604064941406,34567200,390.81222312553433,390.81222312553433,385.2870867325212,388.5191345214844,21004500,119.71223179694545,122.04896105750126,119.17298658297102,121.24009704589844,228452500,0.013589798231753436,0.01795033632167531,0.013498333335934865,0.004459933412335637,1.3103999172405856,-0.00599121751280077,-0.0017227439269069111,0.12345761979029031,1,2025-03-25
2025-03-25,Q1,train,219.42039321145907,222.7300380772677,218.73460889257407,222.38217163085935,34493600,488.4861400211188,490.7029423960745,487.5218710331621,490.54388427734375,26035200,389.3493790004213,391.7610400507305,388.0842319836349,390.5749816894531,15775000,120.38130705821352,121.12026937928964,118.75358318150823,120.52111053466795,167447200,0.010579580991019855,0.014040813049103651,0.037959664514846336,0.01521844159918695,1.1965802818579925,-0.01881426661099705,-0.0019373097501890013,0.35204414620525376,0,2025-03-26
2025-03-26,Q1,train,222.1436424317859,223.64442126802376,219.12223310716143,220.17575073242188,34466100,489.3906651224751,490.2455985952576,479.9667080597325,481.5174865722656,34627100,390.4168262767483,390.7232269425197,384.061440622416,385.4451904296875,16108400,118.5638454632065,118.6736845133834,112.55226594608844,113.60079956054688,293463300,0.020463816451091743,0.04244852913433367,-0.013225370383210089,0.03753823753708507,1.0345475249614546,-0.010414655782588525,-0.0016729757571888257,0.224292647269765,1,2025-03-27
2025-03-27,Q1,train,220.0365991694977,223.61459773398053,219.21167130142223,222.4815673828125,37094800,479.5591741727875,483.70451433059617,477.4119351757768,478.7738342285156,33469800,385.6033656235933,387.6888690270636,382.9050306805178,386.0481262207031,13766800,111.19417323533278,114.28983351449122,110.5051440147698,111.27406311035156,236902100,0.03911659166308601,0.07065554582538885,-0.025116140700446155,0.06956838406597188,0.726952821690761,-0.013874056066571456,-0.0016323226494615651,0.33117910670487427,0,2025-03-28
2025-03-28,Q1,train,220.31487416588556,222.44179120535847,216.3492605717641,216.5679168701172,39818600,476.974551402309,477.6803471496016,465.28403763438615,466.1687927246094,46363800,383.5771709738401,384.61500612887534,372.5565482590105,374.4048461914063,21632000,111.33397028810096,112.71204388720729,108.9173588485005,109.51651763916016,229872500,0.021598661533504204,0.04833973998333657,-0.05003502278263111,0.03637853048352635,0.9261803175724117,0.0004094231346776489,0.000128540618394922,0.0306639715101249,1,2025-03-31
2025-03-31,Q1,train,215.683368745432,224.24073468961828,214.908138255618,220.77207946777344,65299300,459.19026229129486,467.08331235256605,454.6273605455005,466.1488952636719,53000300,368.2174556076631,372.6948931611048,362.978933000102,371.0343933105469,35184700,104.98287310192076,110.80471613819728,103.5049485540766,108.22832489013672,299212700,0.05065019196630227,0.08250550584985727,-0.07616295128652728,0.06231879786521355,1.0117479300986398,0.0014129295514422112,-0.00035002663944934696,0.15833740627127152,1,2025-04-01
2025-04-01,Q2,train,218.46624988397505,222.31258685550367,217.5618092777705,221.8255920410156,36412700,464.53844262078127,470.8310519884103,461.6754876852753,469.9065551757813,41156200,370.3029705230893,378.4078388750376,368.89946352111616,377.7554931640625,19689500,108.36812587384452,110.04577506451116,106.32099936404416,109.995849609375,222614000,0.039567494778459,0.057573872007486926,-0.06007667871074923,0.0545091706385189,1.0247100528299695,0.000768029066706752,0.00011184504532443901,0.15150190449321568,1,2025-04-02
2025-04-02,Q2,train,219.9670353213626,223.8133724100327,219.66886624627367,222.5213165283203,35905900,463.3654253458386,476.7260031222664,463.1069521266998,473.3361511230469,49894500,373.5844861787052,380.6119757035965,372.25014394283687,377.70611572265625,16092600,107.1398553905561,111.82329447216486,106.64055510872038,110.26547241210938,220601200,0.027643886087998615,0.03537232375898769,-0.024719171501775716,0.009281792089508967,1.0481812787517037,-0.0032925594159235777,-0.0005337072825053258,0.3617956898079335,0,2025-04-03
2025-04-03,Q2,train,204.28348559152053,206.2215769781628,200.0197179050274,201.94786071777344,103419000,453.742637111202,457.3511902166352,447.4798795534505,447.9967956542969,70456300,370.4413834397649,373.1001742376296,365.06450042697054,368.7808532714844,30198000,103.36514539947606,105.48217369637304,101.45781468579652,101.65753936767578,338769400,-0.028010925852760327,-0.02671883749996734,-0.0655751305198991,0.041693678938181766,1.562108858311281,-0.08163052118056992,0.0069698760153494126,0.17541448446214214,0,2025-04-04
2025-04-04,Q2,train,192.7047355778497,198.658123727335,186.19477317599055,187.2284240722656,125910900,435.5508223213529,437.7676247006197,420.1722412109375,420.1722412109375,117088400,359.9050576420754,370.2436833446925,355.3090169453245,355.6648254394531,49209900,98.77159334909084,99.9898797349743,91.9811059228115,94.1780242919922,532273800,-0.036805482244849475,-0.04042015669014282,-0.0950546321053159,0.09000361150563052,1.4016151622423363,-0.1543188841300774,0.018867037541337037,0.2105375168155886,0,2025-04-07
2025-04-07,Q2,train,176.1167553732534,192.96313526897592,173.55252535537636,180.3507232666016,160466300,406.24497996843866,440.5212273303754,400.01204418212296,421.1861572265625,161557000,346.808801297969,366.6953473866903,340.7894661963344,353.7077941894531,50425000,87.33759621246332,101.60759784636036,86.4987754744505,97.50334930419922,611041300,-0.0866351455788279,-0.11019392682974138,-0.07289696174012528,0.05239773469841014,1.4956812145380267,-0.28118273611866845,0.018748769281016504,0.1451104002984629,0,2025-04-08
2025-04-08,Q2,train,185.5586531084637,189.17640027021665,168.17558356470508,171.36595153808594,120859500,435.5706616527368,440.5212428610244,407.3683213181599,413.6012573242188,101248100,363.98715955184485,369.31460473132455,346.1861164728992,350.44610595703125,35868900,103.66472218207365,105.70186824827938,94.3278084260022,96.1652374267578,476243400,-0.10765205769983588,-0.12845868614809836,-0.09901570054755243,0.053443763317615134,1.5260458764927618,-0.19214493894091325,0.026490238977435097,-0.1314757640445267,1,2025-04-09
2025-04-09,Q2,train,170.89883496621582,199.38363475051756,170.83920418374143,197.6343994140625,184395900,413.11420733728266,465.0653576176641,412.9750201017136,463.2461853027344,142876900,349.43791334353114,388.6673960004068,349.00301621371585,385.9591674804688,50199700,98.75160385221358,114.93891720962624,97.39350654873373,114.16999816894533,612918300,-0.09052389572901198,-0.14047094229214718,0.02863034426525901,0.013559771789881436,1.3689111211986527,-0.17614919627076914,0.0023978392694786366,-0.06741086741518307,0,2025-04-10
2025-04-10,Q2,train,187.9141823452429,193.58926741380884,181.88128226075605,189.25592041015625,121880000,450.8796663706337,452.89766878987024,430.07336033484415,443.5432739257813,108384100,377.6269854135807,379.4456324184745,363.5324334212975,376.92523193359375,38024400,109.21694044618194,110.70485307181583,99.01124202201945,107.4194564819336,437812400,-0.052906641769690066,-0.1022297525259046,0.03938214293743536,0.0345950802891688,1.3344335073822908,-0.039782619273457345,0.0028844088048193255,0.030829336334277747,1,2025-04-11
2025-04-11,Q2,train,184.96233608452025,198.32016168749277,184.92257212057936,196.93865966796875,87435900,442.0223093443537,453.09649143953806,438.7219217931667,451.7146911621094,52483800,376.2234920445777,385.52428234575257,374.4937970946495,383.94287109375,23839200,108.348157786305,111.39389245819964,107.32958859529616,110.7747573852539,313417300,-0.023207243265885857,-0.07600436160066881,0.12786740346420145,0.09671966890143024,1.3707804102547958,0.007802388525178249,-0.002657960326608389,0.2974912350622197,1,2025-04-14
2025-04-14,Q2,train,210.14743595954587,211.638266220138,199.9302804535287,201.28196716308597,101352900,461.7152208667026,462.3017305650004,449.95514472763216,454.7764892578125,43941200,388.6575350248574,390.0709357337415,379.75206690221165,383.310302734375,19251200,113.9503045917023,114.1300529879136,108.91735711650354,110.55506134033205,264705000,0.03630680513774465,0.007283001012958756,0.10877555155266072,0.05016712666364764,1.3710659047484095,0.03347079121960271,-0.005915736290905648,0.10242283177212694,0,2025-04-15
2025-04-15,Q2,train,200.6259945192588,202.26590170954893,198.57859009217825,200.9042816162109,51343900,455.83021518157193,459.6475186324782,453.454324591476,455.283447265625,35404200,384.0021677861047,387.3429548173336,379.702634359307,381.2544250488281,17199900,110.81470199440513,113.46099492172468,110.3453585264742,112.04297637939452,228966900,0.07159120633564542,0.04585956801687707,0.1265103211764268,0.07719720720488632,1.3717739148385915,-0.060500725801891475,-0.005763487208839932,0.2526804701368888,0,2025-04-16
2025-04-16,Q2,train,197.1473909296092,199.47308245703653,191.19400339685228,193.0823974609375,59732400,446.3764289285455,449.94520996662885,435.17304059444126,441.5550842285156,48980600,376.25315416820064,377.1822197333743,363.730149078798,367.2982482910156,21967800,104.40369410395132,106.64055727885454,100.30942561460589,104.3437728881836,397016900,0.023791695672812474,0.04417560242198465,-0.06720803992588359,0.03771715021487754,1.366004568900111,0.005700591678155295,0.0017265172276658227,-0.032844661149421084,1,2025-04-17
2025-04-17,Q2,train,195.9944589047864,197.61449911758032,193.2314550257992,195.7758026123047,52164700,444.5274509761507,445.10401010316673,438.7517574071589,441.4755859375,44837000,369.4133653600013,369.976758868816,362.6329766642394,363.51263427734375,21120200,104.30381795694564,104.3237942331935,99.90998190333625,101.34796142578124,292517500,0.0391118334845203,0.08050288882833756,-0.04605280563929648,0.020937132652502966,1.3280686304676772,-0.011857824899097834,-0.0024797596115918017,-0.06574208316048671,0,2025-04-21
2025-04-21,Q2,train,192.08851517151223,192.6152739871965,188.64966000796989,191.97918701171875,46742500,435.64027525418857,436.48522787937225,425.40112526573694,430.5505065917969,44149300,358.6102367890087,360.2509795659297,351.54320368031085,354.9531555175781,20807300,98.6317735699764,99.3008417327631,94.90699776234818,96.77438354492188,288501100,0.02167016212963524,0.0757627917610455,-0.10094562109791361,0.05088067391212414,1.3449538003360162,0.009930316593335544,0.002465916558072042,-0.25003914896576124,1,2025-04-22
2025-04-22,Q2,train,194.92107095045927,200.35763286451956,194.7719939992729,198.5189514160156,52976400,436.2267468236976,444.93495790304166,435.0338262355641,441.8533020019531,52304400,359.1637542302739,363.5028019496421,355.68457702509073,362.5638427734375,19485000,98.6417555090913,99.67031279819464,97.14385476914264,98.75160217285156,241004800,0.014689478152640656,0.06671785278579029,-0.08044494312583889,0.052640982880487575,1.3024991336863383,0.004356838117364792,0.0012919682742266174,0.030230063534207673,1,2025-04-23
2025-04-23,Q2,train,204.7407093293248,206.7284832063085,201.56027415925303,203.34927368164065,52929200,455.4624310494103,460.641633756553,450.20368411807647,451.8737487792969,55801100,371.6966268435602,375.9764033603888,368.6918910858119,370.0460205078125,20545500,104.37372584399633,104.6533403969428,101.87722447592722,102.5662612915039,247526000,0.019659112445814086,0.06915984757140609,-0.056989912487093564,0.05518231966218912,1.2305514445732963,-0.003967437972341419,-0.0009593699030742065,-0.03871019574420907,1,2025-04-24
2025-04-24,Q2,train,203.63746952607696,207.55338601533765,201.6993932641485,207.09619140625,47311000,453.78243704630535,464.896361425193,453.1362539590864,464.5881958007813,45956100,371.34077108557176,383.9428330432701,370.8366789549492,382.80615234375,22232300,103.33517578708889,106.39089066307956,102.96569088547096,106.28104400634766,220815000,0.02041572514838208,0.042185448334998266,0.030393896699018375,0.023655321290859233,1.1729914211987975,-0.02920825672044295,-0.0025517595317908594,0.17765522532734696,1,2025-04-25
2025-04-25,Q2,train,205.10842646651813,208.46776890662989,204.9394675201618,208.00064086914065,38222300,464.210432874224,470.2942617606861,462.639783263479,469.7673950195313,38697100,382.50964370251074,387.6097759048288,380.1374969060445,387.3033752441406,18973200,106.70047768277183,111.7633826618512,105.58204983332996,110.85466003417967,251064700,-0.0016416013955948827,-0.017181634879029017,0.07962468500941133,0.028355757398769388,1.2103999136333305,-0.03231875158630172,-0.0011746455107118977,0.3515763240193272,1,2025-04-28
2025-04-28,Q2,train,208.71620315087387,210.2070331733801,206.19173765225315,208.8553466796875,38743100,470.2345868172972,472.0040665388327,463.2759539267501,469.6182556152344,33550800,387.41210451108,388.183053013966,382.1538550582223,386.6213989257813,16579400,109.53649064316204,110.21553928394424,105.87162103934428,108.5778350830078,207708500,-0.0028328677398747892,-0.017687232002016273,0.10559342605699262,0.03275066741786192,1.1088124320486068,-0.044890718286729324,0.000650470728588343,0.3640208058551118,1,2025-04-29
2025-04-29,Q2,train,207.4142395090872,210.94254069563792,207.0961884524305,209.91883850097656,36827600,467.3915381780168,473.60460372916896,466.8149487060188,472.7198486328125,30613100,386.7597585973815,390.51568553400665,385.8504501911824,389.4679870605469,14974000,107.51932238432488,110.04578062718969,107.2896485179105,108.867431640625,170444300,-0.012432322037501109,-0.03089650968272184,0.08832118880603335,0.02823185723967825,1.072252084105634,-0.030225071952737124,0.0008094728799983649,0.3654271316681166,1,2025-04-30
2025-04-30,Q2,train,208.02050829648644,212.2743425468257,205.40658118436116,211.2009429931641,52286500,464.36947606745446,474.3799741649081,459.697238824554,472.6601867675781,46810600,385.7713570331464,392.0575779640377,379.979364791359,390.673828125,36461100,104.32379376082017,108.76756286621094,103.93434018163836,108.76756286621094,235044600,-0.007388803259198884,-0.019490917753419157,0.05810265788589597,0.004717519800468972,1.0652217526384504,-0.012908446887009354,0.0002262630862922641,0.5118923371354225,1,2025-05-01
2025-05-01,Q2,train,207.80185982414437,213.2483553954001,207.62295230903425,212.0159454345703,57365700,480.5532529218463,484.3009628787672,477.8990181556589,478.8334655761719,43316500,426.1078811300293,431.9196612018972,419.96994327038766,420.4641418457031,58938100,112.92174799120272,114.7791455573913,111.14424029465428,111.45380401611328,236121500,-0.006906254688316071,-0.04976616237380993,0.07352205085690366,0.04970294256116148,0.9099665853649255,-0.006639554314948688,0.00027590030635751676,0.5435495049857069,0,2025-05-02
2025-05-02,Q2,train,204.8301014441782,205.7246085520007,200.9241340864256,204.0946350097656,101010600,483.6647778483157,488.00894827712347,481.9648613296433,485.9412231445313,39218100,426.7305579775838,434.3412277785372,425.0008630376841,430.2294921875,30757400,114.02021557227994,115.23850951002052,113.21135153306962,114.33976745605467,190194800,-0.05320825600514012,-0.08991473830454999,0.07113592184007356,0.07939478608418415,1.3076518903102465,-0.005081692473299986,-0.0015905279827907448,0.34896437167584804,0,2025-05-05
2025-05-05,Q2,train,201.85841873478097,202.85230555245,196.99831280299983,197.6741485595703,69018500,481.7362227016212,486.14003597307794,481.2391774925475,483.058349609375,28309500,427.84743296236513,434.4005103334852,427.0962415401901,431.1091613769531,20136100,112.75199823422923,114.50952981770942,112.50234808238876,113.66072082519533,133163200,-0.08215479853240781,-0.13447626864514273,0.08094065991942834,0.0682547387175505,1.9067148637580944,0.005332203757852709,-0.008012538105323014,0.19907929492295767,0,2025-05-06
2025-05-06,Q2,train,196.9983091053983,199.42338015596505,195.81558138809012,197.2964630126953,51216500,476.7260205679887,482.1835675083398,475.36412148604,478.5650939941406,32786300,427.1852423209488,432.6510771239263,426.1671945058241,428.2823486328125,15104200,111.32400387233044,114.57943650755207,110.6649237860017,113.38111877441406,158525600,-0.07249492540792524,-0.13068996538096467,0.07056017627572186,0.05819955492137008,1.60424035282259,0.016870838645893577,-0.008191587752162588,0.08537516545518213,0,2025-05-07
2025-05-07,Q2,train,197.95242524507103,198.2207789180717,192.0686174137577,195.0502777099609,68536700,479.2310866723673,482.9291041737698,473.9624196873836,480.4438781738281,38006300,428.80620435216304,433.0365428333408,426.1078693467033,428.3218994140625,23295300,112.8918038042742,117.5153219594032,112.12287705585727,116.89618682861328,206758800,-0.09293844965507259,-0.1620210689828523,0.08555045737329181,0.02163311849926086,1.5965635454689036,4.2280707506365304e-05,-0.012358511990568546,-0.10158971184441071,1,2025-05-08
2025-05-08,Q2,train,196.5113045675241,198.82706269335063,193.4898801219913,196.28271484375,50478900,485.6430214704163,489.7883921245775,481.3088015351198,485.4044494628906,39577600,432.8487322038109,438.5221520354275,430.6050816589352,433.0859680175781,23491300,118.084515254596,118.51391379663416,115.68787240644632,117.20574951171876,198428100,-0.08793067061166004,-0.11502133559695837,0.04081356524000801,0.02158954384316636,1.9882319570382756,0.01367122572695554,-0.003549549743687467,-0.2599790628987135,1,2025-05-09
2025-05-09,Q2,train,197.78348851905432,199.3140676367793,196.3324070058388,197.3163604736328,36453900,487.3130565449711,488.63521379310254,483.326774588034,485.0863037109375,27767400,434.8947187750956,435.6261229679929,430.8225275981773,433.6394653320313,15324200,117.18577270674557,118.06454606438504,115.0487681449328,116.48675537109376,132972200,-0.03145212302016975,-0.04656303091110903,0.013351601635623878,0.010851323256266365,2.052879803103813,0.012195294877863588,-0.0031106398782409566,-0.26067107165595493,1,2025-05-12
2025-05-12,Q2,train,209.95526516858175,210.2538252478288,205.75556156059076,209.776123046875,63775800,503.99391286415016,504.88861854839246,498.51649505607935,504.8488464355469,45090600,440.7657862582039,444.155980926374,434.6772567640601,444.0472717285156,22821900,121.79931583574869,122.82787322998048,120.11167839159091,122.82787322998048,225023300,0.016112386184667926,0.005889401906796654,0.0553324350177099,0.050642437154436726,1.9223367393169866,0.00797637912082246,0.007201383202532124,-0.1256816146030232,1,2025-05-13
2025-05-13,Q2,train,209.4178474798385,212.37356332026263,207.99473291206183,211.90582275390625,51909300,506.151126830997,514.3325026354601,505.4155095627927,512.5431518554688,53269600,442.5844751269483,445.4409573721911,440.1925407492767,443.9287109375,23618800,124.8051066300396,131.03637225526788,124.295818189616,129.7481689453125,330430100,0.00304788624082164,-0.016395799296340052,0.09044355219635458,0.10782146274469473,1.903465898064129,-0.0028039171282565442,0.009405700731958589,-0.02857339363489584,0,2025-05-14
2025-05-14,Q2,train,211.40822571910564,212.9109724892217,209.56713314477625,211.3087158203125,49325800,513.7161819509431,516.1616058199734,512.7021901958013,515.6148681640625,47014500,442.940276452347,448.6334230518337,442.940276452347,447.6845703125,19902800,133.01358451331882,135.25045513495294,131.49570747587302,135.1505889892578,281180800,0.010149914294314222,-0.01732737405940943,0.10068248793690848,0.11095320414360521,1.937466767028049,-0.007005010322125386,0.011045717760185923,0.059820393979394273,0,2025-05-15
2025-05-15,Q2,train,209.93535780893237,211.93569971673276,208.53213606160296,210.43295288085935,45029500,513.4676100523011,518.8456125999866,512.125551562593,516.1814575195312,50153300,446.3576953837484,451.7246558325709,446.0210270484144,448.6946105957031,21992300,134.10204362723803,136.10924022234616,132.47433530494334,134.64129638671875,226632600,0.008686231975258973,-0.020309236283054144,0.09240034246310458,0.11271964914676547,1.9230342909755873,-0.010975571976808752,0.012183978835062986,0.09762597759236033,0,2025-05-16
2025-05-16,Q2,train,211.33858120774948,211.54757782116647,208.7610423595207,210.24386596679688,54737900,517.5830873308704,518.6169801912382,514.0441278903378,518.4281005859375,48394600,447.6251542704443,449.9125407132096,444.3376746324017,449.8234252929688,23849800,136.02937003025397,136.15919297953724,133.27323795943153,135.21051025390625,226542500,-0.003217099331625839,-0.03351257422393228,0.09902921695002564,0.12341596588323589,1.7195968962372492,0.001837121637875609,0.011420043530583584,0.05038761340553235,0,2025-05-19
2025-05-19,Q2,train,206.90999202317107,208.4724326946764,203.2775387890809,207.7758026123047,46140500,511.2010686059385,519.442117353632,511.2010686059385,518.9251708984375,52536200,446.4666065174048,455.0913410046994,446.3873726676465,454.3783874511719,21336500,132.20473687113784,135.6798627990254,132.20473687113784,135.3802947998047,193154600,-0.037417756393178125,-0.07226601198874472,0.06273051097215221,0.07892941875511705,1.6024132789195817,0.0012676336437169693,-0.0019572540002512416,0.09168569719127427,0,2025-05-20
2025-05-20,Q2,train,206.67113760639387,207.46729276724128,204.0438362053752,205.8650360107422,42496600,516.4001137065187,517.8515075410328,513.6067220946634,517.1954345703125,42517600,451.13050930908776,453.8535912700005,449.87295142774695,453.6852722167969,15441800,134.10203943343691,134.3916420789913,132.43437861355363,134.19192504882812,161514200,-0.0375838013432771,-0.05662036637881673,0.02811342558474783,0.0122713193964199,1.7209795969931903,0.005515295666125235,-0.004860829833553258,-0.06904367196865953,0,2025-05-21
2025-05-21,Q2,train,204.1831685508297,206.0441693385156,199.74462882701684,201.11798095703125,59211800,513.2190402211261,519.9092488061895,508.21873667770086,510.0080871582031,71292800,450.12052955644793,453.2991005803846,447.38753565613104,448.1401062011719,19216900,132.87378601013486,137.2077087161811,130.40724144628155,131.6155548095703,270608700,-0.03735278988852442,-0.03565739859713202,-0.01256936206307191,0.027173799350442396,1.5983118136533225,-0.005647352110635059,-0.006204456069228668,-0.16040647732686394,0,2025-05-22
2025-05-22,Q2,train,199.74461200022,201.77479312617928,198.7394602788173,200.3914794921875,46742400,510.6245069423915,514.6506220653856,509.2725584046473,510.9625244140625,55607200,450.4967994491365,455.7449090739042,449.4570590917957,450.40765380859375,18025600,132.04495280891254,134.0621302833829,131.36591171623223,132.6441192626953,187344000,-0.037607504438203376,-0.04221042036812994,-0.005507739982720694,0.018651155422368726,1.6062337498023416,0.005615311938859606,-0.0047631379120973115,-0.14702362066483837,0,2025-05-23
2025-05-23,Q2,train,192.738469754576,196.74908474491085,192.52948833207407,194.33078002929688,78432900,503.18864625765127,508.81520128108224,502.5921859799972,506.2305603027344,58368100,445.5754438212613,449.2491205375805,444.5159101158957,445.7734680175781,16883500,129.81807417545411,132.49431639064062,128.97925335315108,131.10626220703125,198821300,-0.05216077451490875,-0.05600973372626111,-0.01967897121799206,0.021351066636872695,1.6791484979263247,-0.0322728482771134,-0.005874928289433857,0.007020318078885246,1,2025-05-27
2025-05-27,Q2,train,197.34620772495165,199.77447409530296,196.4803819774073,199.2470245361328,56288500,513.099785560271,518.6269257716245,511.5490069592283,518.1397705078125,47226300,452.0118507212909,456.43809825868186,451.6553587930952,456.1806335449219,20974300,133.96224703921547,135.47014350181522,133.1234263008756,135.31036376953125,192953600,-0.03953447145924338,-0.04277290859846,0.0017249233713930168,0.004482951750820585,1.4362064393773417,-0.0003116974907362215,-0.004241126495170363,0.08909480898644355,1,2025-05-28
2025-05-28,Q2,train,199.6252046868552,201.7549111726597,198.9385209981625,199.45602416992188,45339700,519.0941399870436,520.5852756508032,515.326559052752,515.8434448242188,46637200,456.7054113344306,457.9926743719098,452.45739496057166,452.8831787109375,17086300,135.83963178227697,137.0579256739289,134.60136161311598,134.621337890625,304021100,-0.028518025588431972,-0.031848124025109836,0.0007160193947447491,0.004967941561647704,1.474054353964345,0.006056197863620717,-0.0028400083316816463,0.12417365977849179,0,2025-05-29
2025-05-29,Q2,train,202.60079553265004,202.8296849960031,197.55517460719432,198.98825073242188,51396800,523.2196247969079,523.3687019543887,514.2628604553026,516.857421875,58513300,457.0321797296883,457.2005290082406,450.8532686393741,454.1902770996094,13974800,142.05093948600498,143.28920975153582,137.71701641280157,138.99522399902344,369241900,-0.02401931217893516,-0.04537471200608456,0.03478525493976492,0.042569262659217344,1.498335005939092,0.0009128601926683873,-0.0009901928208102325,0.0845070625928944,1,2025-05-30
2025-05-30,Q2,train,198.41106448584637,200.98861863398105,195.8335255231089,199.8839569091797,70819900,516.370303138387,517.6029654866918,508.9046747674079,516.042236328125,67662800,455.2200705832806,457.1608768265464,451.0809934148865,455.8537902832031,34770500,138.52585950975748,139.42459384487097,132.73397369059805,134.94088745117188,333170900,-0.012474112401756998,-0.017236074314742056,0.014703418813151181,0.005223694073756224,1.5326120745021297,-0.0006185798800580393,-0.00019680537123480688,0.09902774844599203,1,2025-06-02
2025-06-02,Q2,train,199.31670530145792,201.15781336810343,199.1574712143689,200.72987365722656,35423300,514.18335129797,520.3566750351536,512.9208369697641,520.1181030273438,44762800,452.6653804963421,457.5867035205711,452.41782757710985,457.4480895996094,16626500,135.30038976970178,137.9266987725352,135.21050414256473,137.187744140625,197663100,0.005495636689804906,-0.0033588684827745574,0.03628774175218141,0.02019631596911209,1.5211351495621832,-0.011182483970247445,0.002315930595725866,0.16484825227315456,1,2025-06-03
2025-06-03,Q2,train,200.3815341795081,202.78989241693247,199.99341064507595,202.29229736328125,46381600,520.4659496294596,525.6153304447355,519.6010958649408,524.183837890625,44070300,456.95294554827,459.59682380087423,456.3489007620485,458.4382629394531,15743800,138.5857816307834,141.801276586457,137.75694135463797,141.02236938476562,225578800,0.0036189699343116555,-0.00829763588321697,0.02358154205063978,0.03726512163414242,1.5024205017534231,-0.0017829792457985287,0.0013012053398690972,0.18609541558392595,0,2025-06-04
2025-06-04,Q2,train,201.93404589483336,205.248031062868,201.1279442674136,201.844482421875,43604000,524.8896842213366,526.708886650537,522.8617009643712,525.6452026367188,41359300,459.4582306475514,461.1316908447896,458.4878122988585,459.3294982910156,14162700,141.99100090060617,142.19071794379053,139.3447005567539,141.72137451171875,167120800,-0.00702655829898946,-0.021512515320371572,0.03348737675608493,0.03850684000552751,1.5011850550611865,-0.001957807506825549,0.001178058710191066,0.19376176286871194,0,2025-06-05
2025-06-05,Q2,train,202.521183994692,203.765171611367,199.1872911078447,199.6649932861328,55126100,527.0468212855055,529.8998557728775,519.5712423411791,521.6886596679688,61031200,460.4087959802116,465.0528909924181,459.487906406924,463.1021728515625,20131700,141.97102431113476,143.79846496522654,138.63570246128648,139.79408264160156,231397900,-0.00594641461058365,-0.009283525186879249,0.012684442332590251,0.013874120750360763,1.4929083732480366,0.00024258746225085275,0.0002919593545196053,0.2059607694950029,1,2025-06-06
2025-06-06,Q2,train,202.0236053289331,204.7106157617459,201.07817770068,202.93917846679688,46607700,526.8679353376542,528.6572860020211,525.0885352856423,526.7883911132812,42467000,465.4886174973397,468.7068055435685,464.1914425792919,465.7757873535156,15285600,142.31057053380505,143.0695167658335,141.3119699021351,141.5216827392578,153986200,-0.005539200470375816,-0.019981888737040765,0.03526686510463073,0.02700224146525687,1.5435974396042158,-0.0013878437231126927,0.0013031453890129645,0.19922851856916496,0,2025-06-09
2025-06-09,Q2,train,203.4069099948636,205.0091667110405,199.05793398755327,200.4810485839844,72862600,527.0071545180014,529.2040557008712,525.8838273941709,527.5638427734375,33688700,465.1024554626714,468.7959258262165,464.03300988597726,468.1225891113281,16469900,142.98961854621228,144.7970831461155,141.74136782943543,142.43040466308594,185114500,-0.01555508053553567,-0.03201465768596479,0.030775056082532948,0.014880338022772,1.3074224719228609,-0.0004619076714979514,-0.00010854815963447761,-0.04039205620224847,1,2025-06-10
2025-06-10,Q2,train,199.63513956616535,203.36710243054736,199.605285078082,201.69517517089844,54672600,528.0309052999579,531.7389032205542,525.7644110626619,531.052978515625,40664800,466.5778321078869,468.172058367284,462.3892259287077,466.31048583984375,15375900,142.49031793007975,144.088069701399,141.33193761060437,143.758544921875,155881900,-0.016056228669685813,-0.02123890412798568,0.01828712494427076,0.0022305943222942215,1.5024017392884326,-0.00011470733496324801,-0.00015321182200852252,-0.06752342380352197,0,2025-06-11
2025-06-11,Q2,train,202.5212126953003,203.5164029296752,197.4556980468273,197.82391357421875,60989900,532.4546012685898,533.6077799068673,526.9771544229022,529.2635498046875,53701000,465.4192790589967,470.81594475736864,465.0628173622344,467.9938354492188,16399200,144.4176611881815,144.79716064315863,141.6813000562032,142.64002990722656,167694000,-0.026802771860125363,-0.0325917085144678,0.012672566809851515,0.012380887419397357,1.9269335386976985,-0.00296767095546893,-0.0006498106059994361,-0.2181841174698831,1,2025-06-12
2025-06-12,Q2,train,198.12244911144165,198.71955406677787,196.410720905765,198.2418670654297,43904600,527.9515275399644,531.4805365276557,527.703004925698,530.5062866210938,34104900,470.3702965389571,475.7174632765806,468.88497916047487,474.1826171875,18950600,141.78117540604916,144.80714416503906,141.66133988719625,144.80714416503906,162365000,-0.02402965671684032,-0.037021016151660424,0.029893446129089174,0.011933761845468904,1.9316611543143165,0.001201978772336913,-0.00020585059574761513,-0.08305744460506996,0,2025-06-13
2025-06-13,Q2,train,198.7693188209708,199.4062398916536,194.758703844025,195.50509643554688,51447300,524.5616021772432,528.7268432784747,522.6231138097035,523.8458862304688,55814400,471.746732054574,474.4896074244908,468.13246560456287,470.3109130859375,16814500,142.29048989356696,143.3890329315276,140.6626682408541,141.7811737060547,180820600,-0.031046325613814707,-0.04241721504880536,0.005785145837653549,0.007903136766260976,1.5598574798932003,0.0011610791762338007,-0.0005439247747336546,-0.2739394823500755,1,2025-06-16
2025-06-16,Q2,train,196.35101387226533,197.73432753277092,195.6145677161257,197.4656219482422,43020700,527.3650479728419,532.2062642001805,527.3153555791812,531.1326293945312,37622100,470.5584575569121,475.98482813726486,470.3505215770748,474.4500122070313,15626100,143.159329390418,145.98555166191812,143.00951976951112,144.49754333496094,183133700,-0.021805609574251927,-0.029055915366173357,0.014014959340452049,0.0009967301833568865,1.4695689975935462,0.002726433093047301,-0.00036859163097370003,-0.07044795155756363,0,2025-06-17
2025-06-17,Q2,train,196.2514839890114,197.43576263348731,194.27106541566712,194.6989898681641,38856200,528.5678317630843,530.1782533672921,524.7902396796701,525.953369140625,42180900,470.7466055851971,474.0539088222925,469.4395189734987,473.36077880859375,15414100,144.29781716982143,145.02684191909495,143.58875484653294,143.9282989501953,139108000,-0.025084098400194654,-0.04283699333638946,0.008150068888115425,0.013938482983292255,1.3917916819948974,0.008857688555023746,-0.0004697913978853097,-0.2780846566074152,1,2025-06-18
2025-06-18,Q2,train,194.9975546383106,196.6197193940347,194.13174409281177,195.6344757080078,45394700,526.9673174269449,529.4028511373086,524.2833217813045,525.8638916015625,43983500,473.3211507460615,476.2917855833799,469.8157931767449,475.5392150878906,17526500,143.81845298832403,145.45627108510786,142.9296373487004,145.2864990234375,161494100,-0.004644234803856673,-0.02840575953627411,0.017338149828969862,0.002430662783560189,1.4337589704587153,0.0014660877463471603,-0.00018549873563002088,-0.07187636195477563,1,2025-06-20
2025-06-20,Q2,train,197.28649906078425,200.7298484455588,195.9131318065836,200.03321838378903,96813500,529.1146401876316,530.4069457539052,521.7782471531975,523.7167358398438,61643500,477.50979012623617,478.72773115460745,472.2022397987241,472.72705078125,37576200,145.2565234707711,146.00552584195606,142.46024490398213,143.65866088867188,242956200,0.02183443826097209,0.014536568515993442,-0.005500377801707479,0.004861490461713358,1.7236585916480103,0.0071026355228642575,0.00024288627384848468,0.03182864209267581,1,2025-06-23
2025-06-23,Q2,train,200.6602023375907,201.3269779408771,198.00304635957568,200.53082275390625,55814300,524.2849177292203,529.6192118620138,521.1400908129034,529.1017456054688,50666100,473.52910172023695,482.97572926336846,467.8849134818946,481.2428588867188,24864000,142.31046402404658,144.58743022935184,141.84108794116847,143.97824096679688,154308900,0.01567315300463279,0.0063362360931810136,0.019370133766165476,0.007747898047546942,1.5776671340990085,0.000542936907632501,0.0009125787247146943,0.1645150049111739,0,2025-06-24
2025-06-24,Q2,train,201.61557243039425,202.46149014710028,199.23706853700068,199.3365936279297,54064000,534.3165868287479,538.1083222601969,533.6995634797794,537.1927490234375,45442000,484.1640031375646,487.0356109071577,482.0350238939456,485.3126220703125,22305600,145.36637857516104,147.76319531946535,145.3064608232896,147.70326232910156,187566100,-0.0019348812182828912,-0.013065299235557992,0.022540222825943257,0.0007098782338728071,1.329423700821414,0.00011038422323093845,0.0005795074326297355,-0.08200598537526363,1,2025-06-25
2025-06-25,Q2,train,200.48105886821315,202.690382284235,199.65504919597095,200.5905303955078,39525700,539.4618726543914,540.7058813321303,536.7947253384327,538.566162109375,44804200,487.223778215148,489.7191008453804,484.5997232276066,487.4515075683594,17495100,149.0714471780808,154.24454949233478,149.06145072732096,154.104736328125,269146500,0.006278918739292205,-0.019976425926747865,0.05023616446639334,0.040937490430827506,1.35039184621463,-0.007522795095523091,0.0011929160901235452,0.023320442159980907,0,2025-06-26
2025-06-26,Q2,train,200.4611428555203,201.66532960796235,198.50063224789568,200.03321838378903,50799100,540.7456895311693,544.0497840014915,538.9245044882573,543.6019287109375,43811400,488.15453290095326,493.1650012559548,487.9861836300842,492.5807800292969,21578900,155.77252682686714,156.51154803915952,153.79516469048193,154.81381225585938,198145700,-0.011246735888570392,-0.028221672324169722,0.0507061687804411,0.02973974190226114,1.1504034917328907,-0.0008832555218897975,0.0012099320808371958,-0.05492313581365562,1,2025-06-27
2025-06-27,Q2,train,200.91894034324127,202.24254507531293,199.03803155248616,200.1128387451172,73188600,544.6369129629151,547.3538082383178,541.9299187322695,545.4629516601562,57577100,492.6797975508017,494.4126679494895,488.2040517426954,491.0855712890625,34539200,155.83244416127852,158.4989061985097,155.05348286000648,157.54017639160156,263234500,-0.041124822620476564,-0.06733387051024786,0.06773190620637604,0.057793112259365786,1.1499177099977793,0.00014178145757478978,2.202932855224348e-05,-0.21928297018731618,1,2025-06-30
