year,model,seed,factor,importance
2022,logistic_regression,42,AAPL_return_1d,-0.0007070707070707172
2022,logistic_regression,42,AAPL_mean_return_3d,0.0009090909090908723
2022,logistic_regression,42,AAPL_mean_return_5d,0.009360269360269338
2022,logistic_regression,42,AAPL_mean_return_10d,-0.039057239057239075
2022,logistic_regression,42,AAPL_mean_return_20d,0.022356902356902342
2022,logistic_regression,42,AAPL_cum_return_5d,0.009090909090909068
2022,logistic_regression,42,AAPL_cum_return_10d,0.01087542087542086
2022,logistic_regression,42,AAPL_cum_return_20d,0.006767676767676736
2022,logistic_regression,42,AAPL_volatility_5d,-0.005993265993266008
2022,logistic_regression,42,AAPL_volatility_10d,0.004478114478114459
2022,logistic_regression,42,AAPL_volatility_20d,0.01340067340067339
2022,logistic_regression,42,AAPL_close_to_ma20,-0.04619528619528621
2022,logistic_regression,42,AAPL_volume_to_ma20,-0.028585858585858603
2022,logistic_regression,42,AAPL_daily_range,-0.0014478114478114663
2022,logistic_regression,42,QQQ_return_1d,0.006835016835016813
2022,logistic_regression,42,QQQ_cum_return_5d,-0.031144781144781156
2022,logistic_regression,42,MSFT_return_1d,0.0001010101010100739
2022,logistic_regression,42,MSFT_cum_return_5d,-0.017272727272727283
2022,logistic_regression,42,NVDA_return_1d,-0.006296296296296311
2022,logistic_regression,42,NVDA_cum_return_5d,-0.06420875420875423
2022,logistic_regression,42,AAPL_minus_QQQ_1d,0.00653198653198652
2022,logistic_regression,42,AAPL_minus_peer_mean_1d,-0.05750841750841752
2022,random_forest,0,AAPL_return_1d,0.0028956228956228754
2022,random_forest,0,AAPL_mean_return_3d,-0.006161616161616179
2022,random_forest,0,AAPL_mean_return_5d,-0.006195286195286202
2022,random_forest,0,AAPL_mean_return_10d,-0.0003030303030303105
2022,random_forest,0,AAPL_mean_return_20d,-0.01602693602693604
2022,random_forest,0,AAPL_cum_return_5d,-0.006498316498316507
2022,random_forest,0,AAPL_cum_return_10d,-0.00878787878787881
2022,random_forest,0,AAPL_cum_return_20d,-0.022289562289562304
2022,random_forest,0,AAPL_volatility_5d,-0.024410774410774418
2022,random_forest,0,AAPL_volatility_10d,0.00313131313131312
2022,random_forest,0,AAPL_volatility_20d,-0.023434343434343457
2022,random_forest,0,AAPL_close_to_ma20,-0.012053872053872062
2022,random_forest,0,AAPL_volume_to_ma20,-0.0016161616161616396
2022,random_forest,0,AAPL_daily_range,-0.0028956228956229014
2022,random_forest,0,QQQ_return_1d,0.017373737373737368
2022,random_forest,0,QQQ_cum_return_5d,-0.005117845117845127
2022,random_forest,0,MSFT_return_1d,0.0009090909090908927
2022,random_forest,0,MSFT_cum_return_5d,0.019124579124579117
2022,random_forest,0,NVDA_return_1d,-0.005993265993266008
2022,random_forest,0,NVDA_cum_return_5d,0.006666666666666651
2022,random_forest,0,AAPL_minus_QQQ_1d,0.006632996632996626
2022,random_forest,0,AAPL_minus_peer_mean_1d,-0.008922558922558945
2022,random_forest,1,AAPL_return_1d,0.006767676767676761
2022,random_forest,1,AAPL_mean_return_3d,-0.007542087542087548
2022,random_forest,1,AAPL_mean_return_5d,-0.006397306397306407
2022,random_forest,1,AAPL_mean_return_10d,0.008686868686868687
2022,random_forest,1,AAPL_mean_return_20d,-0.011010101010101005
2022,random_forest,1,AAPL_cum_return_5d,-0.005959595959595961
2022,random_forest,1,AAPL_cum_return_10d,0.005488215488215498
2022,random_forest,1,AAPL_cum_return_20d,-0.005757575757575757
2022,random_forest,1,AAPL_volatility_5d,-0.008114478114478109
2022,random_forest,1,AAPL_volatility_10d,0.005622895622895621
2022,random_forest,1,AAPL_volatility_20d,-0.014713804713804722
2022,random_forest,1,AAPL_close_to_ma20,-0.0013468013468013462
2022,random_forest,1,AAPL_volume_to_ma20,0.0011111111111111202
2022,random_forest,1,AAPL_daily_range,0.0007744107744107738
2022,random_forest,1,QQQ_return_1d,0.014242424242424239
2022,random_forest,1,QQQ_cum_return_5d,0.002996632996632986
2022,random_forest,1,MSFT_return_1d,-0.00228956228956228
2022,random_forest,1,MSFT_cum_return_5d,0.019797979797979794
2022,random_forest,1,NVDA_return_1d,0.005589225589225596
2022,random_forest,1,NVDA_cum_return_5d,-0.0013131313131313049
2022,random_forest,1,AAPL_minus_QQQ_1d,0.005925925925925921
2022,random_forest,1,AAPL_minus_peer_mean_1d,-0.010000000000000007
2022,random_forest,2,AAPL_return_1d,0.0075757575757575395
2022,random_forest,2,AAPL_mean_return_3d,-0.0026936026936027276
2022,random_forest,2,AAPL_mean_return_5d,-0.0030303030303030537
2022,random_forest,2,AAPL_mean_return_10d,0.006700336700336671
2022,random_forest,2,AAPL_mean_return_20d,-0.006868686868686902
2022,random_forest,2,AAPL_cum_return_5d,-0.0029629629629629875
2022,random_forest,2,AAPL_cum_return_10d,0.012424242424242391
2022,random_forest,2,AAPL_cum_return_20d,-0.0030976430976431307
2022,random_forest,2,AAPL_volatility_5d,-0.013636363636363651
2022,random_forest,2,AAPL_volatility_10d,0.004410774410774385
2022,random_forest,2,AAPL_volatility_20d,-0.0031313131313131606
2022,random_forest,2,AAPL_close_to_ma20,-0.003468013468013503
2022,random_forest,2,AAPL_volume_to_ma20,0.0024915824915824484
2022,random_forest,2,AAPL_daily_range,0.007979797979797953
2022,random_forest,2,QQQ_return_1d,0.02481481481481478
2022,random_forest,2,QQQ_cum_return_5d,0.0033333333333333106
2022,random_forest,2,MSFT_return_1d,0.0005387205387205126
2022,random_forest,2,MSFT_cum_return_5d,0.0217171717171717
2022,random_forest,2,NVDA_return_1d,0.005555555555555526
2022,random_forest,2,NVDA_cum_return_5d,0.005218855218855195
2022,random_forest,2,AAPL_minus_QQQ_1d,0.010101010101010064
2022,random_forest,2,AAPL_minus_peer_mean_1d,0.003602693602693574
2023,logistic_regression,42,AAPL_return_1d,-0.012710084033613496
2023,logistic_regression,42,AAPL_mean_return_3d,0.0017156862745097607
2023,logistic_regression,42,AAPL_mean_return_5d,0.001820728291316472
2023,logistic_regression,42,AAPL_mean_return_10d,0.024964985994397722
2023,logistic_regression,42,AAPL_mean_return_20d,0.007037815126050399
2023,logistic_regression,42,AAPL_cum_return_5d,0.006757703081232436
2023,logistic_regression,42,AAPL_cum_return_10d,0.027556022408963543
2023,logistic_regression,42,AAPL_cum_return_20d,0.012289915966386507
2023,logistic_regression,42,AAPL_volatility_5d,-0.002450980392156891
2023,logistic_regression,42,AAPL_volatility_10d,0.0062324929971988244
2023,logistic_regression,42,AAPL_volatility_20d,0.04068627450980387
2023,logistic_regression,42,AAPL_close_to_ma20,0.0012605042016806344
2023,logistic_regression,42,AAPL_volume_to_ma20,0.01390056022408959
2023,logistic_regression,42,AAPL_daily_range,-0.003186274509803962
2023,logistic_regression,42,QQQ_return_1d,-0.0080882352941177
2023,logistic_regression,42,QQQ_cum_return_5d,0.016176470588235247
2023,logistic_regression,42,MSFT_return_1d,0.06074929971988789
2023,logistic_regression,42,MSFT_cum_return_5d,-0.0019257703081232906
2023,logistic_regression,42,NVDA_return_1d,-0.0066526610644258135
2023,logistic_regression,42,NVDA_cum_return_5d,0.001015406162464949
2023,logistic_regression,42,AAPL_minus_QQQ_1d,0.014915966386554572
2023,logistic_regression,42,AAPL_minus_peer_mean_1d,0.004586834733893508
2023,random_forest,0,AAPL_return_1d,-0.009873949579831934
2023,random_forest,0,AAPL_mean_return_3d,-0.003221288515406173
2023,random_forest,0,AAPL_mean_return_5d,0.007212885154061607
2023,random_forest,0,AAPL_mean_return_10d,-0.0026960784313725433
2023,random_forest,0,AAPL_mean_return_20d,-0.000665266106442582
2023,random_forest,0,AAPL_cum_return_5d,0.004551820728291304
2023,random_forest,0,AAPL_cum_return_10d,0.0011554621848739307
2023,random_forest,0,AAPL_cum_return_20d,-0.0004201680672268967
2023,random_forest,0,AAPL_volatility_5d,-0.00819327731092437
2023,random_forest,0,AAPL_volatility_10d,0.003606442577030807
2023,random_forest,0,AAPL_volatility_20d,0.0033613445378151254
2023,random_forest,0,AAPL_close_to_ma20,-0.0028011204481792765
2023,random_forest,0,AAPL_volume_to_ma20,0.003851540616246485
2023,random_forest,0,AAPL_daily_range,0.0037464985994397587
2023,random_forest,0,QQQ_return_1d,-0.012640056022408964
2023,random_forest,0,QQQ_cum_return_5d,-0.0038865546218487626
2023,random_forest,0,MSFT_return_1d,0.02612044817927169
2023,random_forest,0,MSFT_cum_return_5d,-0.000525210084033619
2023,random_forest,0,NVDA_return_1d,0.0016106442577030645
2023,random_forest,0,NVDA_cum_return_5d,-0.01995798319327732
2023,random_forest,0,AAPL_minus_QQQ_1d,0.011869747899159648
2023,random_forest,0,AAPL_minus_peer_mean_1d,0.018977591036414557
2023,random_forest,1,AAPL_return_1d,-0.025350140056022416
2023,random_forest,1,AAPL_mean_return_3d,-0.0010854341736694713
2023,random_forest,1,AAPL_mean_return_5d,-0.006967787114845947
2023,random_forest,1,AAPL_mean_return_10d,-0.012219887955182078
2023,random_forest,1,AAPL_mean_return_20d,0.0028011204481792544
2023,random_forest,1,AAPL_cum_return_5d,0.00668767507002798
2023,random_forest,1,AAPL_cum_return_10d,-0.004446778711484604
2023,random_forest,1,AAPL_cum_return_20d,-0.002485994397759095
2023,random_forest,1,AAPL_volatility_5d,-0.010014005602240916
2023,random_forest,1,AAPL_volatility_10d,-0.005952380952380972
2023,random_forest,1,AAPL_volatility_20d,0.00462184873949579
2023,random_forest,1,AAPL_close_to_ma20,-0.009488795518207289
2023,random_forest,1,AAPL_volume_to_ma20,0.004656862745098026
2023,random_forest,1,AAPL_daily_range,-0.0025910364145658245
2023,random_forest,1,QQQ_return_1d,-0.01719187675070029
2023,random_forest,1,QQQ_cum_return_5d,-0.006197478991596646
2023,random_forest,1,MSFT_return_1d,0.021043417366946766
2023,random_forest,1,MSFT_cum_return_5d,0.0005952380952380783
2023,random_forest,1,NVDA_return_1d,-0.0037815126050420368
2023,random_forest,1,NVDA_cum_return_5d,-0.019222689075630253
2023,random_forest,1,AAPL_minus_QQQ_1d,-0.0022058823529411908
2023,random_forest,1,AAPL_minus_peer_mean_1d,0.025455182072829107
2023,random_forest,2,AAPL_return_1d,-0.010994397759103651
2023,random_forest,2,AAPL_mean_return_3d,-0.003536414565826344
2023,random_forest,2,AAPL_mean_return_5d,-0.00336134453781514
2023,random_forest,2,AAPL_mean_return_10d,-0.006617647058823524
2023,random_forest,2,AAPL_mean_return_20d,0.0021708683473389352
2023,random_forest,2,AAPL_cum_return_5d,0.005252100840336108
2023,random_forest,2,AAPL_cum_return_10d,-0.006722689075630246
2023,random_forest,2,AAPL_cum_return_20d,-0.0052871148459383895
2023,random_forest,2,AAPL_volatility_5d,-0.016491596638655476
2023,random_forest,2,AAPL_volatility_10d,0.0008053221288515378
2023,random_forest,2,AAPL_volatility_20d,-0.0014705882352941382
2023,random_forest,2,AAPL_close_to_ma20,-0.008333333333333326
2023,random_forest,2,AAPL_volume_to_ma20,0.004971988795518208
2023,random_forest,2,AAPL_daily_range,-0.0008053221288515451
2023,random_forest,2,QQQ_return_1d,-0.018872549019607842
2023,random_forest,2,QQQ_cum_return_5d,-0.005952380952380957
2023,random_forest,2,MSFT_return_1d,0.024684873949579834
2023,random_forest,2,MSFT_cum_return_5d,0.0015406162464986013
2023,random_forest,2,NVDA_return_1d,0.009138655462184871
2023,random_forest,2,NVDA_cum_return_5d,-0.01046918767507003
2023,random_forest,2,AAPL_minus_QQQ_1d,0.004481792717086822
2023,random_forest,2,AAPL_minus_peer_mean_1d,0.018487394957983166
2024,logistic_regression,42,AAPL_return_1d,0.009999999999999966
2024,logistic_regression,42,AAPL_mean_return_3d,-0.001340579710144977
2024,logistic_regression,42,AAPL_mean_return_5d,-0.0010507246376811905
2024,logistic_regression,42,AAPL_mean_return_10d,0.0054710144927535825
2024,logistic_regression,42,AAPL_mean_return_20d,0.0025724637681158956
2024,logistic_regression,42,AAPL_cum_return_5d,-0.003913043478260906
2024,logistic_regression,42,AAPL_cum_return_10d,0.006521739130434743
2024,logistic_regression,42,AAPL_cum_return_20d,-0.002572463768115977
2024,logistic_regression,42,AAPL_volatility_5d,0.01155797101449272
2024,logistic_regression,42,AAPL_volatility_10d,0.056739130434782556
2024,logistic_regression,42,AAPL_volatility_20d,-0.008876811594202942
2024,logistic_regression,42,AAPL_close_to_ma20,0.01597826086956517
2024,logistic_regression,42,AAPL_volume_to_ma20,0.026594202898550686
2024,logistic_regression,42,AAPL_daily_range,0.003949275362318803
2024,logistic_regression,42,QQQ_return_1d,0.03913043478260866
2024,logistic_regression,42,QQQ_cum_return_5d,-0.021884057971014535
2024,logistic_regression,42,MSFT_return_1d,-0.0011231884057971524
2024,logistic_regression,42,MSFT_cum_return_5d,0.016594202898550695
2024,logistic_regression,42,NVDA_return_1d,-0.018297101449275394
2024,logistic_regression,42,NVDA_cum_return_5d,0.03485507246376806
2024,logistic_regression,42,AAPL_minus_QQQ_1d,0.007717391304347782
2024,logistic_regression,42,AAPL_minus_peer_mean_1d,-0.008550724637681202
2024,random_forest,0,AAPL_return_1d,0.006847826086956469
2024,random_forest,0,AAPL_mean_return_3d,0.001304347826086923
2024,random_forest,0,AAPL_mean_return_5d,0.0013043478260869046
2024,random_forest,0,AAPL_mean_return_10d,0.01753623188405793
2024,random_forest,0,AAPL_mean_return_20d,0.008731884057970953
2024,random_forest,0,AAPL_cum_return_5d,-0.008043478260869616
2024,random_forest,0,AAPL_cum_return_10d,0.006231884057970964
2024,random_forest,0,AAPL_cum_return_20d,0.004746376811594161
2024,random_forest,0,AAPL_volatility_5d,0.016557971014492714
2024,random_forest,0,AAPL_volatility_10d,0.023623188405797073
2024,random_forest,0,AAPL_volatility_20d,0.0016304347826086548
2024,random_forest,0,AAPL_close_to_ma20,0.008478260869565176
2024,random_forest,0,AAPL_volume_to_ma20,0.010507246376811543
2024,random_forest,0,AAPL_daily_range,-0.0017753623188406047
2024,random_forest,0,QQQ_return_1d,0.00949275362318836
2024,random_forest,0,QQQ_cum_return_5d,-0.00789855072463772
2024,random_forest,0,MSFT_return_1d,0.009673913043478229
2024,random_forest,0,MSFT_cum_return_5d,-0.005362318840579742
2024,random_forest,0,NVDA_return_1d,0.02235507246376808
2024,random_forest,0,NVDA_cum_return_5d,0.0014130434782608262
2024,random_forest,0,AAPL_minus_QQQ_1d,0.01409420289855067
2024,random_forest,0,AAPL_minus_peer_mean_1d,0.002210144927536188
2024,random_forest,1,AAPL_return_1d,0.0061594202898551
2024,random_forest,1,AAPL_mean_return_3d,-0.005978260869565185
2024,random_forest,1,AAPL_mean_return_5d,-0.010833333333333276
2024,random_forest,1,AAPL_mean_return_10d,0.0031521739130434987
2024,random_forest,1,AAPL_mean_return_20d,-0.007681159420289833
2024,random_forest,1,AAPL_cum_return_5d,-0.012789855072463717
2024,random_forest,1,AAPL_cum_return_10d,-0.002173913043478241
2024,random_forest,1,AAPL_cum_return_20d,0.00427536231884062
2024,random_forest,1,AAPL_volatility_5d,0.004637681159420315
2024,random_forest,1,AAPL_volatility_10d,0.01268115942028988
2024,random_forest,1,AAPL_volatility_20d,-0.0015217391304347349
2024,random_forest,1,AAPL_close_to_ma20,-0.008514492753623128
2024,random_forest,1,AAPL_volume_to_ma20,-0.003659420289855031
2024,random_forest,1,AAPL_daily_range,-0.0022826086956521273
2024,random_forest,1,QQQ_return_1d,-0.0018478260869564907
2024,random_forest,1,QQQ_cum_return_5d,-0.019021739130434753
2024,random_forest,1,MSFT_return_1d,0.0018840579710145391
2024,random_forest,1,MSFT_cum_return_5d,-0.004818840579710108
2024,random_forest,1,NVDA_return_1d,0.014710144927536258
2024,random_forest,1,NVDA_cum_return_5d,-0.005978260869565175
2024,random_forest,1,AAPL_minus_QQQ_1d,-0.0011956521739130163
2024,random_forest,1,AAPL_minus_peer_mean_1d,-0.011811594202898528
2024,random_forest,2,AAPL_return_1d,0.011449275362318788
2024,random_forest,2,AAPL_mean_return_3d,-0.0002536231884058419
2024,random_forest,2,AAPL_mean_return_5d,-0.000978260869565271
2024,random_forest,2,AAPL_mean_return_10d,0.010688405797101405
2024,random_forest,2,AAPL_mean_return_20d,0.0027898550724637207
2024,random_forest,2,AAPL_cum_return_5d,0.0006884057971013806
2024,random_forest,2,AAPL_cum_return_10d,0.008297101449275314
2024,random_forest,2,AAPL_cum_return_20d,0.005144927536231834
2024,random_forest,2,AAPL_volatility_5d,0.009202898550724573
2024,random_forest,2,AAPL_volatility_10d,0.01971014492753618
2024,random_forest,2,AAPL_volatility_20d,-0.0031521739130435174
2024,random_forest,2,AAPL_close_to_ma20,-0.0005072463768116487
2024,random_forest,2,AAPL_volume_to_ma20,-0.0003260869565217909
2024,random_forest,2,AAPL_daily_range,0.006775362318840524
2024,random_forest,2,QQQ_return_1d,0.001376811594202848
2024,random_forest,2,QQQ_cum_return_5d,-0.003876811594202952
2024,random_forest,2,MSFT_return_1d,0.011304347826086908
2024,random_forest,2,MSFT_cum_return_5d,0.006449275362318792
2024,random_forest,2,NVDA_return_1d,0.012862318840579645
2024,random_forest,2,NVDA_cum_return_5d,-0.0037318840579710633
2024,random_forest,2,AAPL_minus_QQQ_1d,0.011847826086956472
2024,random_forest,2,AAPL_minus_peer_mean_1d,-0.0013043478260870026
2025,logistic_regression,42,AAPL_return_1d,0.0021548821548820984
2025,logistic_regression,42,AAPL_mean_return_3d,0.016632996632996586
2025,logistic_regression,42,AAPL_mean_return_5d,0.0227609427609427
2025,logistic_regression,42,AAPL_mean_return_10d,0.0023569023569022796
2025,logistic_regression,42,AAPL_mean_return_20d,0.013602693602693531
2025,logistic_regression,42,AAPL_cum_return_5d,0.018383838383838322
2025,logistic_regression,42,AAPL_cum_return_10d,-0.00447811447811454
2025,logistic_regression,42,AAPL_cum_return_20d,0.03787878787878781
2025,logistic_regression,42,AAPL_volatility_5d,-0.004309764309764363
2025,logistic_regression,42,AAPL_volatility_10d,0.006969696969696926
2025,logistic_regression,42,AAPL_volatility_20d,0.02420875420875415
2025,logistic_regression,42,AAPL_close_to_ma20,0.043939393939393875
2025,logistic_regression,42,AAPL_volume_to_ma20,0.016195286195286138
2025,logistic_regression,42,AAPL_daily_range,0.0016161616161615747
2025,logistic_regression,42,QQQ_return_1d,-0.002390572390572465
2025,logistic_regression,42,QQQ_cum_return_5d,0.0031649831649831115
2025,logistic_regression,42,MSFT_return_1d,-0.003299663299663384
2025,logistic_regression,42,MSFT_cum_return_5d,0.0031986531986531452
2025,logistic_regression,42,NVDA_return_1d,-0.006868686868686939
2025,logistic_regression,42,NVDA_cum_return_5d,0.06693602693602686
2025,logistic_regression,42,AAPL_minus_QQQ_1d,-0.0023905723905724503
2025,logistic_regression,42,AAPL_minus_peer_mean_1d,-0.008787878787878855
2025,random_forest,0,AAPL_return_1d,0.012996632996633001
2025,random_forest,0,AAPL_mean_return_3d,-0.008383838383838382
2025,random_forest,0,AAPL_mean_return_5d,-0.0022558922558922464
2025,random_forest,0,AAPL_mean_return_10d,-0.004511784511784511
2025,random_forest,0,AAPL_mean_return_20d,0.010976430976430973
2025,random_forest,0,AAPL_cum_return_5d,-0.008619528619528626
2025,random_forest,0,AAPL_cum_return_10d,-0.006127946127946123
2025,random_forest,0,AAPL_cum_return_20d,0.005488215488215492
2025,random_forest,0,AAPL_volatility_5d,-0.0020538720538720487
2025,random_forest,0,AAPL_volatility_10d,0.0005050505050505065
2025,random_forest,0,AAPL_volatility_20d,-0.0004713804713804818
2025,random_forest,0,AAPL_close_to_ma20,-0.003265993265993254
2025,random_forest,0,AAPL_volume_to_ma20,-0.008148148148148156
2025,random_forest,0,AAPL_daily_range,-0.0013468013468013443
2025,random_forest,0,QQQ_return_1d,-0.0127946127946128
2025,random_forest,0,QQQ_cum_return_5d,-0.004511784511784517
2025,random_forest,0,MSFT_return_1d,0.011346801346801353
2025,random_forest,0,MSFT_cum_return_5d,0.0046127946127946014
2025,random_forest,0,NVDA_return_1d,-0.037575757575757575
2025,random_forest,0,NVDA_cum_return_5d,0.038989898989899
2025,random_forest,0,AAPL_minus_QQQ_1d,-0.011447811447811441
2025,random_forest,0,AAPL_minus_peer_mean_1d,-0.032861952861952856
2025,random_forest,1,AAPL_return_1d,0.007104377104377113
2025,random_forest,1,AAPL_mean_return_3d,-0.005252525252525239
2025,random_forest,1,AAPL_mean_return_5d,-0.012424242424242426
2025,random_forest,1,AAPL_mean_return_10d,-0.015286195286195276
2025,random_forest,1,AAPL_mean_return_20d,0.01185185185185187
2025,random_forest,1,AAPL_cum_return_5d,-0.014848484848484845
2025,random_forest,1,AAPL_cum_return_10d,0.0023569023569023685
2025,random_forest,1,AAPL_cum_return_20d,0.007373737373737386
2025,random_forest,1,AAPL_volatility_5d,-0.001851851851851823
2025,random_forest,1,AAPL_volatility_10d,0.004511784511784513
2025,random_forest,1,AAPL_volatility_20d,-0.002323232323232312
2025,random_forest,1,AAPL_close_to_ma20,0.0025589225589225605
2025,random_forest,1,AAPL_volume_to_ma20,0.0006060606060606173
2025,random_forest,1,AAPL_daily_range,0.0041750841750841945
2025,random_forest,1,QQQ_return_1d,-0.012929292929292902
2025,random_forest,1,QQQ_cum_return_5d,0.003771043771043786
2025,random_forest,1,MSFT_return_1d,0.004309764309764334
2025,random_forest,1,MSFT_cum_return_5d,-0.0017171717171717172
2025,random_forest,1,NVDA_return_1d,-0.02946127946127944
2025,random_forest,1,NVDA_cum_return_5d,0.041414141414141424
2025,random_forest,1,AAPL_minus_QQQ_1d,-0.009932659932659916
2025,random_forest,1,AAPL_minus_peer_mean_1d,-0.03818181818181818
2025,random_forest,2,AAPL_return_1d,0.0015488215488215311
2025,random_forest,2,AAPL_mean_return_3d,-0.005589225589225621
2025,random_forest,2,AAPL_mean_return_5d,-0.005185185185185206
2025,random_forest,2,AAPL_mean_return_10d,-0.012154882154882186
2025,random_forest,2,AAPL_mean_return_20d,0.01074074074074071
2025,random_forest,2,AAPL_cum_return_5d,-0.008484848484848517
2025,random_forest,2,AAPL_cum_return_10d,-0.02639730639730642
2025,random_forest,2,AAPL_cum_return_20d,0.008585858585858554
2025,random_forest,2,AAPL_volatility_5d,0.0014814814814814615
2025,random_forest,2,AAPL_volatility_10d,0.00367003367003364
2025,random_forest,2,AAPL_volatility_20d,-0.0068686868686869094
2025,random_forest,2,AAPL_close_to_ma20,-0.011447811447811467
2025,random_forest,2,AAPL_volume_to_ma20,-0.008316498316498345
2025,random_forest,2,AAPL_daily_range,0.001245791245791202
2025,random_forest,2,QQQ_return_1d,-0.007811447811447841
2025,random_forest,2,QQQ_cum_return_5d,-0.007306397306397333
2025,random_forest,2,MSFT_return_1d,-0.004579124579124618
2025,random_forest,2,MSFT_cum_return_5d,0.0014814814814814669
2025,random_forest,2,NVDA_return_1d,-0.011279461279461321
2025,random_forest,2,NVDA_cum_return_5d,0.019461279461279415
2025,random_forest,2,AAPL_minus_QQQ_1d,-3.367003367006905e-05
2025,random_forest,2,AAPL_minus_peer_mean_1d,-0.040033670033670074
