model,factor,mean_importance,positive_years
logistic_regression,AAPL_volatility_10d,0.018604858719948193,4
logistic_regression,AAPL_volatility_20d,0.017354722631257116,3
logistic_regression,MSFT_return_1d,0.014106864528859358,2
logistic_regression,AAPL_cum_return_20d,0.013590979211183768,3
logistic_regression,AAPL_mean_return_20d,0.011392468713440542,4
logistic_regression,AAPL_cum_return_10d,0.010118766984176152,3
logistic_regression,NVDA_cum_return_5d,0.00964943783837641,3
logistic_regression,QQQ_return_1d,0.008871660983233826,2
logistic_regression,AAPL_mean_return_5d,0.00822280394371183,3
logistic_regression,AAPL_cum_return_5d,0.00757985176942973,3
logistic_regression,AAPL_volume_to_ma20,0.007026047683016953,3
logistic_regression,AAPL_minus_QQQ_1d,0.006693692958079106,3
logistic_regression,AAPL_mean_return_3d,0.004479298526613061,3
logistic_regression,AAPL_close_to_ma20,0.0037457182038383666,3
logistic_regression,AAPL_daily_range,0.00023283775521623754,2
logistic_regression,MSFT_cum_return_5d,0.00014858962908831635,2
logistic_regression,AAPL_volatility_5d,-0.0002990099201736357,1
logistic_regression,AAPL_return_1d,-0.00031556814645053715,2
logistic_regression,AAPL_mean_return_10d,-0.0015660840532963727,3
logistic_regression,QQQ_cum_return_5d,-0.008421846340644332,2
logistic_regression,NVDA_return_1d,-0.009528686419671114,0
logistic_regression,AAPL_minus_peer_mean_1d,-0.01756504655002102,1
random_forest,MSFT_return_1d,0.008745562381005679,3
random_forest,AAPL_volatility_10d,0.006360477363248024,3
random_forest,MSFT_cum_return_5d,0.00524129960138058,3
random_forest,NVDA_cum_return_5d,0.004374229087038114,2
random_forest,AAPL_minus_QQQ_1d,0.003344818860057549,3
random_forest,AAPL_return_1d,0.0014272436027550981,3
random_forest,AAPL_daily_range,0.0010833492744191716,4
random_forest,AAPL_mean_return_20d,0.0006508835052100046,3
random_forest,AAPL_volume_to_ma20,0.0005108397846036237,3
random_forest,AAPL_cum_return_20d,-0.00031029836176896036,2
random_forest,AAPL_mean_return_10d,-0.0005854573933218536,2
random_forest,NVDA_return_1d,-0.0013558049848544458,3
random_forest,QQQ_return_1d,-0.0013989266472216274,2
random_forest,AAPL_cum_return_10d,-0.0015585586818536645,2
random_forest,AAPL_volatility_20d,-0.003956136180134489,1
random_forest,AAPL_mean_return_3d,-0.004032797425806816,0
random_forest,AAPL_mean_return_5d,-0.004092642363635555,0
random_forest,AAPL_close_to_ma20,-0.004182524715346547,0
random_forest,AAPL_cum_return_5d,-0.004252255689276167,1
random_forest,AAPL_volatility_5d,-0.004407182284420146,1
random_forest,QQQ_cum_return_5d,-0.0044723777375098904,1
random_forest,AAPL_minus_peer_mean_1d,-0.0061985779526274164,1
